1,0,7883218E05,2000749E03,0,3058E02,0,4855E01,0,9991412,0,0388264,0,0144690
2,0,7843918E05,2002027E03,0,3535E02,0,3044E02,0,9955518,0,0562519,0,0755802
3,0,7722365E05,2001279E03,0,1516E02,0,8861E02,0,9978611,0,0103591,0,0645443
4,0,7727383E05,2000483E03,0,4399E02,0,2113E02,0,9996092,0,0086861,0,0265699
5,0,7747425E05,2001400E03,0,1108E02,0,6429E02,0,9988680,0,0156951,0,0449034
6,0,7817419E05,2001077E03,0,5151E01,0,2240E02,0,9996911,0,0063833,0,0240191
7,0,7873546E05,2002174E03,0,4526E02,0,5103E02,0,9987543,0,0337711,0,0367339
8,0,7783570E05,2001201E03,0,3962E01,0,1031E02,0,9998910,0,0018409,0,0146499
9,0,7795162E05,2000204E03,0,3146E01,0,1936E02,0,9980129,0,0622631,0,0096776
10,0,7905872E05,2000029E03,0,6634E02,0,5113E01,0,9990170,0,0438175,0,0067148
11,0,7752225E05,2001026E03,0,2328E01,0,2145E02,0,9998319,0,0075750,0,0166993
12,0,7773026E05,2000850E03,0,1957E02,0,9762E00,0,9988352,0,0477764,0,0067534
13,0,7786825E05,2001549E03,0,1345E03,0,1011E03,0,9942687,0,0912092,0,0557732
14,0,7744692E05,2000720E03,0,2145E02,0,3405E02,0,9987987,0,0042370,0,0488189
15,0,7823784E05,2000222E03,0,4002E02,0,3019E02,0,9988453,0,0356902,0,0321597
16,0,7905375E05,2002102E03,0,1095E03,0,5178E02,0,9983439,0,0550217,0,0167977
17,0,7844369E05,2000542E03,0,2812E02,0,1318E03,0,9966103,0,0241851,0,0786318
18,0,7773663E05,2000648E03,0,1542E02,0,2120E02,0,9994204,0,0333934,0,0066163
19,0,7860513E05,2000771E03,0,2632E02,0,1467E03,0,9965411,0,0087554,0,0826386
20,0,7680050E05,2002090E03,0,1293E03,0,4284E02,0,9981131,0,0513006,0,0337421
21,0,7796171E05,2001870E03,0,5022E01,0,1077E03,0,9971777,0,0136809,0,0738210
22,0,7819728E05,2001169E03,0,6264E01,0,6850E01,0,9997748,0,0130808,0,0167134
23,0,7767438E05,2000830E03,0,3179E01,0,2007E02,0,9996940,0,0244419,0,0038196
24,0,7772431E05,2000918E03,0,7681E02,0,1189E02,0,9977361,0,0649248,0,0175367
25,0,7807654E05,2000535E03,0,2786E02,0,2873E02,0,9989728,0,0220658,0,0395775
26,0,7825890E05,2000914E03,0,3149E02,0,2605E01,0,9997151,0,0070036,0,0228186
27,0,7740478E05,2002113E03,0,9933E01,0,1119E03,0,9962219,0,0075944,0,0865121
28,0,7691673E05,2000963E03,0,9102E01,0,2829E02,0,9997385,0,0130474,0,0187787
29,0,7875695E05,2000494E03,0,2667E02,0,3693E02,0,9984635,0,0458256,0,0311547
30,0,7802957E05,2000472E03,0,2801E02,0,3603E02,0,9992344,0,0373543,0,0116287
31,0,7724378E05,2001916E03,0,2734E01,0,3329E02,0,9946384,0,0893961,0,0519874
32,0,7782490E05,2000015E03,0,5882E02,0,3161E02,0,9993792,0,0319645,0,0148137
33,0,7752679E05,2000225E03,0,3404E02,0,4037E02,0,9997765,0,0132372,0,0164864
34,0,7726493E05,2000354E03,0,4311E02,0,8847E02,0,9948865,0,0454301,0,0902050
35,0,7753904E05,2000669E03,0,3258E00,0,3297E02,0,9987344,0,0339111,0,0371436
36,0,7720927E05,2000483E03,0,2495E02,0,4102E02,0,9996355,0,0226171,0,0147434
37,0,7915929E05,2001054E03,0,8755E01,0,8633E01,0,9997612,0,0108141,0,0189914
38,0,7818941E05,2001262E03,0,1501E00,0,1353E01,0,9999774,0,0055802,0,0037486
39,0,7707677E05,2002044E03,0,3582E02,0,4485E02,0,9983505,0,0542917,0,0186738
40,0,7848747E05,2001009E03,0,3272E01,0,2806E02,0,9999418,0,0065386,0,0085771
41,0,7839768E05,2000790E03,0,3358E02,0,1182E02,0,9993626,0,0018427,0,0356523
42,0,7951495E05,2001882E03,0,6964E02,0,3380E02,0,9987815,0,0448198,0,0206578
43,0,7765078E05,2000529E03,0,3823E02,0,6332E01,0,9996971,0,0033639,0,0243821
44,0,7793311E05,2001725E03,0,4251E02,0,6249E01,0,9970412,0,0728981,0,0243865
45,0,7874594E05,2000941E03,0,3154E02,0,1000E02,0,9996038,0,0276234,0,0054032
46,0,7748368E05,2001019E03,0,1096E02,0,1518E02,0,9993718,0,0316091,0,0160259
47,0,7703238E05,2001191E03,0,8329E02,0,3039E02,0,9993171,0,0240614,0,0280427
48,0,7828113E05,2001676E03,0,7308E01,0,1182E03,0,9986756,0,0040348,0,0512905
49,0,7745949E05,2000217E03,0,5546E02,0,1477E02,0,9999306,0,0090349,0,0075604
50,0,7702173E05,2000354E03,0,3761E02,0,3757E02,0,9984446,0,0394252,0,0394215
51,0,7700795E05,2002116E03,0,4057E02,0,4063E02,0,9989940,0,0166777,0,0416281
52,0,7803378E05,2001089E03,0,1033E02,0,9955E01,0,9991375,0,0415096,0,0011361
53,0,7718951E05,2000754E03,0,3531E02,0,1154E02,0,9994702,0,0254922,0,0202341
54,0,7791675E05,2001259E03,0,1215E01,0,4540E01,0,9999010,0,0000977,0,0140705
55,0,7785942E05,2000917E03,0,5027E01,0,2828E02,0,9995036,0,0056554,0,0309937
56,0,7751518E05,2000494E03,0,4218E00,0,4682E02,0,9995287,0,0259126,0,0164582
57,0,7807140E05,2001056E03,0,1774E01,0,2499E02,0,9999367,0,0029614,0,0108508
58,0,7721435E05,2000309E03,0,3990E02,0,4253E02,0,9995407,0,0141030,0,0268225
59,0,7808589E05,2000149E03,0,2686E02,0,4056E02,0,9986566,0,0070255,0,0513391
60,0,7797734E05,2000706E03,0,4245E02,0,1280E02,0,9990949,0,0425369,0,0002288
61,0,7731224E05,2000741E03,0,2762E02,0,2132E02,0,9994202,0,0099289,0,0325693
62,0,7776886E05,2000873E03,0,1036E02,0,2324E02,0,9977469,0,0590112,0,0319194
63,0,7786383E05,2001231E03,0,3845E01,0,3640E00,0,9999478,0,0015383,0,0100969
64,0,7779637E05,2001737E03,0,8702E02,0,7411E02,0,9969014,0,0695391,0,0367675
65,0,7715984E05,2000935E03,0,2790E02,0,1096E02,0,9994937,0,0308908,0,0076232
66,0,7828494E05,2000184E03,0,2616E01,0,6074E02,0,9996244,0,0240701,0,0131015
67,0,7792919E05,2001128E03,0,1353E01,0,6034E01,0,9999688,0,0041359,0,0067334
68,0,7631487E05,2000740E03,0,1479E02,0,8717E02,0,9986762,0,0325872,0,0397991
69,0,7775458E05,2002051E03,0,6614E02,0,8036E01,0,9986113,0,0526150,0,0026754
70,0,7830083E05,2001051E03,0,8451E01,0,2019E02,0,9993781,0,0048059,0,0349326
71,0,7917651E05,2000702E03,0,1640E02,0,3161E02,0,9998799,0,0039811,0,0149759
72,0,7775778E05,2000230E03,0,4917E02,0,3036E02,0,9991953,0,0393103,0,0079687
73,0,7839186E05,2001650E03,0,3265E02,0,7699E02,0,9993736,0,0064514,0,0347952
74,0,7784552E05,2000279E03,0,1331E02,0,4502E02,0,9975312,0,0000577,0,0702250
75,0,7813126E05,2001317E03,0,4676E02,0,6672E02,0,9979608,0,0412705,0,0486925
76,0,7737524E05,2002169E03,0,3849E03,0,9264E01,0,9799775,0,1984860,0,0157290
77,0,7741544E05,2000952E03,0,1575E02,0,2713E02,0,9996075,0,0019510,0,0279484
78,0,7880527E05,2000699E03,0,4527E02,0,2844E01,0,9930570,0,0849257,0,0813965
79,0,7889415E05,2000803E03,0,1275E02,0,8457E02,0,9957307,0,0016011,0,0922919
80,0,7733485E05,2000582E03,0,4929E01,0,1223E02,0,9995775,0,0107709,0,0269973
81,0,7745170E05,2001625E03,0,3559E03,0,3433E03,0,9712365,0,1668740,0,1698611
82,0,7869344E05,2001017E03,0,8722E02,0,8324E01,0,9973443,0,0553509,0,0473362
83,0,7854935E05,2001121E03,0,2097E02,0,7677E00,0,9997803,0,0207647,0,0028580
84,0,7744639E05,2000890E03,0,5697E02,0,6183E02,0,9970490,0,0357686,0,0679252
85,0,7711914E05,2002249E03,0,6500E02,0,1631E02,0,9991616,0,0383005,0,0144629
86,0,7664664E05,2000651E03,0,3551E02,0,1041E02,0,9988318,0,0472569,0,0100921
87,0,7802695E05,2000911E03,0,5888E02,0,5086E02,0,9967756,0,0719934,0,0354316
88,0,7981022E05,2000244E03,0,4094E02,0,3937E02,0,9989389,0,0212627,0,0408530
89,0,7826807E05,2001103E03,0,8744E02,0,4198E01,0,9963047,0,0808440,0,0290040
90,0,7695561E05,2000955E03,0,1453E02,0,8946E01,0,9997733,0,0100087,0,0187904
91,0,7805767E05,2000726E03,0,6343E01,0,3192E02,0,9996646,0,0067196,0,0250113
92,0,7908531E05,2000915E03,0,2874E02,0,1365E02,0,9996067,0,0172677,0,0220973
93,0,7725609E05,2001019E03,0,2609E02,0,8508E02,0,9982009,0,0367659,0,0473634
94,0,7768766E05,2000657E03,0,3211E02,0,2113E02,0,9994430,0,0205721,0,0262778
95,0,7678999E05,2001693E03,0,3692E02,0,6987E02,0,9981302,0,0217377,0,0571282
96,0,7866958E05,2001063E03,0,1678E02,0,1578E02,0,9997165,0,0158001,0,0178143
97,0,7651598E05,2000986E03,0,2629E03,0,6164E02,0,9887907,0,1466583,0,0280051
98,0,7909640E05,2001162E03,0,5757E01,0,1340E02,0,9999365,0,0070665,0,0087791
99,0,7879731E05,2000601E03,0,2190E01,0,4364E02,0,9990812,0,0165090,0,0395497
100,0,7751226E05,2002243E03,0,5340E02,0,2109E02,0,9991492,0,0145727,0,0385815
101,0,7471388E05,2000740E03,0,2666E03,0,1571E03,0,8134659,0,5324332,0,2340687
102,0,7756120E05,2001671E03,0,4875E02,0,1086E03,0,9966700,0,0244334,0,0777942
103,0,7851530E05,2000050E03,0,3848E02,0,3468E02,0,9979605,0,0476408,0,0424884
104,0,7804420E05,2002026E03,0,1606E02,0,5939E02,0,9985667,0,0445444,0,0296700
105,0,7795128E05,2000965E03,0,3443E02,0,3838E01,0,9998483,0,0162713,0,0062191
106,0,7817219E05,2000500E03,0,1508E02,0,3226E02,0,9989958,0,0143974,0,0424287
107,0,7878846E05,2002090E03,0,8315E01,0,5890E02,0,9985943,0,0425921,0,0315475
108,0,7906811E05,2000833E03,0,3501E02,0,1754E01,0,9994946,0,0301760,0,0099968
109,0,7746670E05,2001058E03,0,1150E01,0,2776E02,0,9995372,0,0045577,0,0300778
110,0,7758691E05,2001172E03,0,7763E02,0,4249E02,0,9985950,0,0449223,0,0281073
111,0,7742304E05,2001005E03,0,7175E02,0,1047E03,0,9975882,0,0590408,0,0364958
112,0,7758967E05,2001549E03,0,7050E02,0,1097E02,0,9982760,0,0531849,0,0248287
113,0,7660137E05,2002030E03,0,1260E03,0,1292E03,0,9971510,0,0539227,0,0527460
114,0,7821041E05,2001003E03,0,6473E01,0,2267E02,0,9992218,0,0189595,0,0345871
115,0,7710836E05,2001197E03,0,6438E02,0,7435E01,0,9985661,0,0318557,0,0430218
116,0,7794325E05,2000902E03,0,1355E02,0,1637E02,0,9988472,0,0112781,0,0466597
117,0,7797705E05,2001473E03,0,8701E02,0,1199E02,0,9988062,0,0477161,0,0104564
118,0,7873018E05,2000788E03,0,2679E01,0,1077E02,0,9989818,0,0210250,0,0399160
119,0,7690942E05,2002001E03,0,2055E03,0,1369E02,0,9930278,0,1173162,0,0115233
120,0,7844358E05,2000425E03,0,4841E02,0,1464E02,0,9989996,0,0440692,0,0075959
121,0,7686769E05,2000338E03,0,5172E02,0,1387E01,0,9991510,0,0408940,0,0049948
122,0,7821096E05,2000153E03,0,8295E01,0,5981E02,0,9986520,0,0168305,0,0491010
123,0,7799890E05,2000310E03,0,9312E01,0,3899E02,0,9991077,0,0184212,0,0380051
124,0,7831075E05,2000175E03,0,4668E02,0,1811E01,0,9995417,0,0301925,0,0021734
125,0,7902439E05,2000422E03,0,1626E02,0,5126E02,0,9993703,0,0001596,0,0354812
126,0,7754871E05,2001208E03,0,3406E02,0,8125E02,0,9982147,0,0230516,0,0551005
127,0,7787035E05,2001146E03,0,8287E01,0,4258E01,0,9999314,0,0032737,0,0112431
128,0,7627959E05,2000124E03,0,3862E02,0,3615E02,0,9991610,0,0403434,0,0070462
129,0,7786046E05,2001088E03,0,1997E02,0,1120E02,0,9997760,0,0195923,0,0079996
130,0,7755771E05,2002037E03,0,6205E02,0,3320E02,0,9985169,0,0382314,0,0387592
131,0,7764939E05,2000556E03,0,2677E02,0,2834E02,0,9997581,0,0121117,0,0183606
132,0,7763364E05,2001252E03,0,5223E01,0,7834E01,0,9999504,0,0022276,0,0097062
133,0,7771371E05,2000520E03,0,6042E01,0,3185E02,0,9993014,0,0263554,0,0264978
134,0,7713033E05,2001224E03,0,7333E02,0,3731E02,0,9974394,0,0457544,0,0549661
135,0,7684031E05,2002014E03,0,2628E03,0,2098E03,0,9818186,0,1377655,0,1305867
136,0,7743661E05,2000811E03,0,1348E03,0,4783E03,0,9630153,0,0697554,0,2602610
137,0,7778957E05,2000303E03,0,4526E02,0,2617E02,0,9988182,0,0294920,0,0386314
138,0,5881439E05,2000813E03,0,2389E04,0,8831E03,0,5934381,0,7581177,0,2703495
139,0,7762926E05,2000035E03,0,5409E02,0,1966E02,0,9994075,0,0264423,0,0220341
140,0,7850502E05,2000482E03,0,7573E01,0,4732E02,0,9990341,0,0070577,0,0433718
141,0,7932101E05,2001752E03,0,5323E02,0,5652E02,0,9986650,0,0422271,0,0297489
142,0,7809082E05,2000440E03,0,3607E02,0,9650E01,0,9993741,0,0348166,0,0062689
143,0,7740915E05,2000939E03,0,9882E01,0,3169E02,0,9998210,0,0014494,0,0188636
144,0,7760555E05,2000763E03,0,2216E02,0,3690E02,0,9995821,0,0120876,0,0262599
145,0,7817649E05,2000523E03,0,2348E02,0,2693E02,0,9994489,0,0012790,0,0331703
146,0,7788005E05,2001244E03,0,8918E02,0,1301E03,0,9945084,0,0460680,0,0939723
147,0,7693390E05,2001066E03,0,1106E02,0,1193E02,0,9996964,0,0039415,0,0243230
148,0,7753069E05,2000337E03,0,2153E02,0,4893E02,0,9990770,0,0290579,0,0316351
149,0,7832553E05,2000148E03,0,6549E02,0,8400E02,0,9972513,0,0298593,0,0678112
150,0,7870979E05,2001827E03,0,6754E02,0,3524E02,0,9985377,0,0334527,0,0424667
151,0,7758116E05,2001171E03,0,1356E02,0,9125E02,0,9978760,0,0021775,0,0651063
152,0,7815058E05,2002173E03,0,9033E02,0,1857E02,0,9977615,0,0666967,0,0048580
153,0,7821682E05,2001072E03,0,2131E02,0,8597E01,0,9999946,0,0014770,0,0029519
154,0,7868031E05,2001682E03,0,1029E03,0,9591E02,0,9936751,0,0638757,0,0923561
155,0,7818884E05,2001206E03,0,6578E02,0,3761E02,0,9980429,0,0594022,0,0195406
156,0,7796351E05,2001437E03,0,7662E02,0,3349E02,0,9984242,0,0553140,0,0094614
157,0,7752905E05,2000481E03,0,4056E02,0,5838E01,0,9989463,0,0458253,0,0025222
158,0,7816841E05,2001527E03,0,1266E03,0,2244E02,0,9965926,0,0804499,0,0181910
159,0,7715736E05,2000667E03,0,2054E02,0,3897E02,0,9996646,0,0071189,0,0248995
160,0,7818523E05,2000030E03,0,4526E02,0,3898E02,0,9986994,0,0306273,0,0407621
161,0,7848858E05,2000852E03,0,3051E02,0,1425E02,0,9996972,0,0240018,0,0054273
162,0,7811752E05,2000366E03,0,1535E02,0,4690E02,0,9992784,0,0218911,0,0310398
163,0,7813441E05,2002228E03,0,4422E02,0,4386E02,0,9977634,0,0442292,0,0501201
164,0,7631064E05,2002000E03,0,9254E01,0,4984E02,0,9984315,0,0207390,0,0520046
165,0,7842794E05,2000064E03,0,3801E02,0,4578E02,0,9985258,0,0131427,0,0526637
166,0,7679852E05,2000063E03,0,2434E02,0,1784E02,0,9925847,0,0366234,0,1159063
167,0,7781021E05,2000909E03,0,4515E01,0,2547E02,0,9999714,0,0018291,0,0073387
168,0,7847278E05,2000707E03,0,5863E02,0,1629E03,0,9960100,0,0360120,0,0816532
169,0,7706862E05,2000201E03,0,7332E02,0,2771E03,0,9886180,0,0523828,0,1410338
170,0,7799957E05,2000824E03,0,4907E02,0,1176E03,0,9968088,0,0292810,0,0742623
171,0,7660049E05,2000574E03,0,3239E02,0,4719E01,0,9986798,0,0449171,0,0249202
172,0,7793011E05,2001632E03,0,7096E02,0,4330E02,0,9984875,0,0365717,0,0410509
173,0,7801913E05,2001195E03,0,6216E01,0,3882E01,0,9999311,0,0090910,0,0074221
174,0,7762887E05,2000687E03,0,2607E02,0,1695E03,0,9958308,0,0152029,0,0899439
175,0,7809026E05,2000853E03,0,6836E01,0,3416E02,0,9996590,0,0016665,0,0260584
176,0,7842865E05,2000185E03,0,4168E02,0,1648E03,0,9955992,0,0102358,0,0931524
177,0,7920421E05,2000046E03,0,1273E02,0,6065E02,0,9991177,0,0135850,0,0397401
178,0,7779831E05,2000889E03,0,8257E01,0,2869E02,0,9999854,0,0033044,0,0042825
179,0,7788523E05,2000878E03,0,1325E02,0,3222E02,0,9999219,0,0110174,0,0058987
180,0,7738771E05,2001361E03,0,7305E02,0,9733E02,0,9986068,0,0355490,0,0389964
181,0,7804611E05,2000288E03,0,4976E02,0,7130E01,0,9993302,0,0285676,0,0228694
182,0,7682290E05,2000454E03,0,2621E02,0,3547E02,0,9994921,0,0192025,0,0254335
183,0,7741341E05,2000802E03,0,2772E02,0,1635E02,0,9996058,0,0050797,0,0276110
184,0,7782134E05,2001986E03,0,5279E02,0,1483E02,0,9982776,0,0574394,0,0119430
185,0,7834651E05,2001173E03,0,9052E02,0,2572E01,0,9989487,0,0454268,0,0061639
186,0,7754721E05,2001098E03,0,1198E02,0,7945E02,0,9982296,0,0020184,0,0594434
187,0,7758380E05,2001501E03,0,1248E02,0,8897E02,0,9988364,0,0072864,0,0476735
188,0,7861192E05,2001137E03,0,1520E02,0,6659E01,0,9996938,0,0240452,0,0058359
189,0,7901150E05,2001811E03,0,2851E02,0,8094E02,0,9989060,0,0100056,0,0456793
190,0,7841821E05,2001026E03,0,9660E01,0,7091E01,0,9997723,0,0212247,0,0021992
191,0,7789569E05,2000245E03,0,4563E02,0,3293E02,0,9997156,0,0235624,0,0036690
192,0,7805573E05,2000220E03,0,2706E02,0,4459E02,0,9977835,0,0260189,0,0612457
193,0,7626015E05,2000797E03,0,2300E02,0,2238E02,0,9993284,0,0268954,0,0248876
194,0,7741993E05,2001137E03,0,6920E02,0,3779E02,0,9968292,0,0785222,0,0128730
195,0,7759847E05,2001328E03,0,5216E02,0,9280E02,0,9943183,0,0494126,0,0942844
196,0,7689707E05,2000668E03,0,1302E02,0,8651E02,0,9963860,0,0004777,0,0849389
197,0,7838291E05,2000848E03,0,1278E02,0,2545E02,0,9998376,0,0007417,0,0180043
198,0,7770572E05,2001057E03,0,1229E02,0,1527E02,0,9992725,0,0249511,0,0288438
199,0,7659929E05,2000720E03,0,3838E02,0,1895E00,0,9993338,0,0278866,0,0235451
200,0,7810266E05,2001120E03,0,8390E01,0,1442E02,0,9999243,0,0018448,0,0121653
201,0,7731880E05,2000234E03,0,5483E02,0,2752E02,0,9993530,0,0333695,0,0134171
202,0,7825923E05,2000801E03,0,2579E02,0,2968E02,0,9999161,0,0118977,0,0051197
203,0,7828782E05,2000371E03,0,2341E02,0,4608E02,0,9985459,0,0513571,0,0163890
204,0,7798196E05,2001065E03,0,1000E02,0,9463E02,0,9979484,0,0154700,0,0621258
205,0,7902200E05,2001087E03,0,1243E03,0,1463E02,0,9965428,0,0803644,0,0210722
206,0,7789155E05,2000535E03,0,3561E02,0,1313E02,0,9988906,0,0449577,0,0140152
207,0,7715545E05,2000740E03,0,3467E02,0,2083E02,0,9991228,0,0268923,0,0321003
208,0,7668387E05,2000518E03,0,4522E02,0,7375E01,0,9992617,0,0378012,0,0068647
209,0,7773197E05,2000763E03,0,1047E02,0,2651E02,0,9994348,0,0143371,0,0304050
210,0,7790121E05,2001067E03,0,1563E02,0,2054E02,0,9997786,0,0028517,0,0208453
211,0,7785161E05,2000801E03,0,3307E02,0,2154E02,0,9999223,0,0124294,0,0009820
212,0,7878175E05,2000869E03,0,1195E02,0,2824E02,0,9992419,0,0247814,0,0300262
213,0,7748481E05,2000215E03,0,4696E02,0,3052E02,0,9995842,0,0215260,0,0191823
214,0,7837412E05,2001219E03,0,1403E02,0,8708E02,0,9982808,0,0114441,0,0574853
215,0,7720277E05,2000515E03,0,1499E02,0,6003E01,0,9979585,0,0602003,0,0213252
216,0,7915671E05,2001518E03,0,2835E02,0,3392E02,0,9957428,0,0774283,0,0500117
217,0,7813357E05,2001139E03,0,1226E02,0,1554E01,0,9999437,0,0106020,0,0004007
218,0,7806036E05,2000669E03,0,3938E02,0,1426E02,0,9999444,0,0022955,0,0102947
219,0,7775313E05,2001179E03,0,4560E01,0,5631E00,0,9997710,0,0013003,0,0213594
220,0,7763311E05,2000830E03,0,7608E01,0,3145E02,0,9999832,0,0036142,0,0045422
221,0,7804365E05,2000618E03,0,2648E02,0,2055E00,0,9989602,0,0354638,0,0286509
222,0,7773429E05,2000102E03,0,5151E02,0,2070E02,0,9998116,0,0188926,0,0044427
223,0,7859997E05,2000869E03,0,3809E02,0,4937E01,0,9997752,0,0205452,0,0052408
224,0,7685318E05,2001321E03,0,1046E03,0,5359E02,0,9963506,0,0764771,0,0379045
225,0,7804123E05,2000549E03,0,3804E02,0,2534E02,0,9984567,0,0427102,0,0354982
226,0,7667746E05,2000051E03,0,8993E00,0,6446E02,0,9995379,0,0020889,0,0303260
227,0,7801163E05,2001030E03,0,1783E02,0,1955E02,0,9997595,0,0016814,0,0218640
228,0,7812888E05,2002023E03,0,8681E02,0,4095E02,0,9982733,0,0557199,0,0185918
229,0,7892377E05,2000944E03,0,1979E02,0,2527E02,0,9998050,0,0094612,0,0173340
230,0,7805638E05,2000962E03,0,5827E02,0,5569E02,0,9988386,0,0147007,0,0458829
231,0,7725825E05,2001279E03,0,1131E02,0,5934E02,0,9983765,0,0408096,0,0397360
232,0,7720408E05,2000882E03,0,3024E02,0,1211E02,0,9997019,0,0194000,0,0148239
233,0,7747950E05,2001030E03,0,9819E00,0,2044E02,0,9999705,0,0067492,0,0036672
234,0,7719110E05,2001124E03,0,1566E02,0,7489E01,0,9997670,0,0044989,0,0211109
235,0,7853812E05,2001035E03,0,6842E00,0,2634E02,0,9998442,0,0161316,0,0071654
236,0,7770886E05,2000184E03,0,4398E02,0,1011E03,0,9983061,0,0287511,0,0505791
237,0,7727162E05,2001102E03,0,3497E02,0,8325E02,0,9982374,0,0152913,0,0573438
238,0,7882662E05,2000834E03,0,2110E02,0,2240E02,0,9996713,0,0117666,0,0227790
239,0,7652875E05,2001643E03,0,2446E02,0,7286E02,0,9987230,0,0040481,0,0503589
240,0,7765392E05,2000896E03,0,9769E01,0,2068E02,0,9991636,0,0075823,0,0401828
241,0,7903730E05,2000022E03,0,8856E02,0,5270E02,0,9971346,0,0479404,0,0585169
242,0,7719183E05,2000864E03,0,1594E02,0,9626E01,0,9997433,0,0224781,0,0028366
243,0,7855538E05,2002188E03,0,5032E02,0,4359E02,0,9990716,0,0266523,0,0338463
244,0,7708030E05,2001062E03,0,1821E02,0,1085E00,0,9995924,0,0108133,0,0264216
245,0,7773483E05,2001215E03,0,2996E02,0,8568E02,0,9981926,0,0183650,0,0572217
246,0,7739861E05,2001001E03,0,2383E02,0,1201E02,0,9992246,0,0101868,0,0380307
247,0,7860572E05,2000745E03,0,4857E02,0,1320E03,0,9950020,0,0095176,0,0994004
248,0,7764432E05,2000413E03,0,5644E02,0,6201E02,0,9975221,0,0598452,0,0369885
249,0,7708893E05,2001100E03,0,1144E03,0,2037E02,0,9799491,0,1869112,0,0690217
250,0,7700808E05,2000686E03,0,1175E03,0,5778E02,0,9958884,0,0691371,0,0585346
251,0,7701572E05,2000815E03,0,1368E02,0,3018E02,0,9997168,0,0066665,0,0228440
252,0,7805989E05,2000955E03,0,2770E02,0,1305E02,0,9991779,0,0373508,0,0157621
253,0,7715756E05,2000495E03,0,4757E02,0,1784E02,0,9992931,0,0333498,0,0173502
254,0,7872943E05,2000794E03,0,3359E02,0,1256E02,0,9993365,0,0270665,0,0243712
255,0,7843634E05,2001715E03,0,9819E02,0,1475E03,0,9925918,0,0642882,0,1030949
256,0,7849016E05,2000288E03,0,5646E02,0,1533E02,0,9988154,0,0391660,0,0288762
257,0,7662647E05,2000530E03,0,2829E02,0,2289E02,0,9984750,0,0044038,0,0550299
258,0,7889390E05,2000615E03,0,9977E01,0,3770E02,0,9991754,0,0247791,0,0321630
259,0,7730352E05,2000835E03,0,5637E02,0,6931E02,0,9968296,0,0525743,0,0597220
260,0,7845077E05,2000996E03,0,1426E02,0,2413E02,0,9998896,0,0038320,0,0143573
261,0,7709984E05,2001006E03,0,3861E02,0,8572E02,0,9993756,0,0185679,0,0300594
262,0,7765970E05,2000698E03,0,4148E02,0,1545E02,0,9997033,0,0243560,0,0002099
263,0,7860335E05,2001017E03,0,7873E01,0,1309E02,0,9996276,0,0240723,0,0128487
264,0,7680933E05,2001211E03,0,2699E01,0,3116E01,0,9999860,0,0031612,0,0042387
265,0,7742831E05,2001212E03,0,6268E02,0,8420E01,0,9961577,0,0847111,0,0222242
266,0,7783794E05,2000451E03,0,7286E02,0,7223E02,0,9974545,0,0514843,0,0493351
267,0,7829641E05,2001350E03,0,7655E02,0,2030E02,0,9971821,0,0725397,0,0191275
268,0,7813821E05,2000791E03,0,3382E02,0,1953E02,0,9994587,0,0200561,0,0260782
269,0,7853877E05,2000932E03,0,6931E02,0,6150E02,0,9975461,0,0596831,0,0366027
270,0,7706867E05,2000893E03,0,2505E02,0,1223E02,0,9994793,0,0243386,0,0211847
271,0,6153176E05,2000273E03,0,6752E03,0,1936E04,0,5737379,0,2543536,0,7785429
272,0,7717122E05,2002094E03,0,2320E02,0,6882E02,0,9992139,0,0099980,0,0383620
273,0,7745519E05,2000010E03,0,4001E02,0,3531E02,0,9993019,0,0122126,0,0353075
274,0,7831885E05,2000539E03,0,2070E02,0,5905E01,0,9999270,0,0023348,0,0118551
275,0,7783154E05,2001061E03,0,1455E02,0,1245E02,0,9999325,0,0026407,0,0113184
276,0,7794036E05,2000844E03,0,2115E02,0,2518E02,0,9999559,0,0063190,0,0069454
277,0,7819573E05,2000180E03,0,3786E02,0,2964E02,0,9982469,0,0460138,0,0372268
278,0,7854802E05,2001156E03,0,1071E02,0,6440E01,0,9998824,0,0138620,0,0065622
279,0,7799416E05,2000626E03,0,1414E03,0,3567E02,0,9971326,0,0745531,0,0129774
280,0,7697115E05,2001117E03,0,1078E02,0,9782E00,0,9997358,0,0170361,0,0154300
281,0,7761452E05,2002125E03,0,4431E02,0,4884E02,0,9992895,0,0216513,0,0308507
282,0,7742019E05,2002068E03,0,4907E02,0,3375E02,0,9993243,0,0277629,0,0240850
283,0,7703377E05,2000749E03,0,9013E01,0,3531E02,0,9993284,0,0003234,0,0366433
284,0,7753474E05,2000669E03,0,1151E02,0,4198E02,0,9988644,0,0314709,0,0357701
285,0,7819130E05,2000007E03,0,1595E03,0,2582E02,0,9901545,0,1382752,0,0217748
286,0,7734126E05,2000376E03,0,2432E02,0,2694E02,0,9998607,0,0157387,0,0055641
287,0,7942809E05,2001183E03,0,1085E02,0,9698E01,0,9997228,0,0151079,0,0180585
288,0,7779276E05,2000278E03,0,8288E00,0,5470E02,0,9992271,0,0071979,0,0386444
289,0,7738431E05,2000785E03,0,5438E02,0,1036E03,0,9939220,0,0362512,0,1039471
290,0,7709414E05,2000219E03,0,5167E02,0,1000E02,0,9985312,0,0539123,0,0053825
291,0,7831657E05,2001420E03,0,5393E02,0,4595E02,0,9981761,0,0386675,0,0463596
292,0,7837574E05,2000829E03,0,5169E02,0,6089E02,0,9984580,0,0262928,0,0488916
293,0,7867736E05,2001088E03,0,1368E02,0,2489E01,0,9995794,0,0200490,0,0209545
294,0,7808244E05,2001238E03,0,4958E02,0,2241E03,0,9754655,0,0423595,0,2160389
295,0,7688619E05,2000932E03,0,1496E01,0,3187E02,0,9997772,0,0118358,0,0174803
296,0,7736909E05,2000441E03,0,3064E02,0,8367E02,0,9968835,0,0358967,0,0702479
297,0,7871968E05,2000912E03,0,1715E02,0,2794E02,0,9993636,0,0184667,0,0305195
298,0,7670973E05,2001514E03,0,3391E02,0,4957E02,0,9850968,0,0689704,0,1575673
299,0,7747514E05,2000845E03,0,3499E02,0,8439E01,0,9998922,0,0145352,0,0020860
300,0,7775301E05,2001268E03,0,2783E01,0,2014E01,0,9999793,0,0035306,0,0053796
301,0,7789629E05,2000871E03,0,6379E01,0,3507E02,0,9999459,0,0094026,0,0044562
302,0,7756496E05,2001265E03,0,2986E02,0,8544E02,0,9991744,0,0114689,0,0389729
303,0,7725002E05,2000844E03,0,1327E02,0,1541E03,0,9985616,0,0284546,0,0454428
304,0,7884550E05,2001707E03,0,3878E02,0,3691E02,0,9979504,0,0299228,0,0565651
305,0,7788369E05,2001102E03,0,8242E01,0,1145E02,0,9999541,0,0092845,0,0023760
306,0,7837208E05,2000913E03,0,1187E02,0,3124E02,0,9989439,0,0380677,0,0257269
307,0,7823280E05,2000678E03,0,2201E02,0,3297E02,0,9998141,0,0062250,0,0182513
308,0,7719401E05,2000813E03,0,3470E01,0,1313E03,0,9966563,0,0129033,0,0806830
309,0,7652715E05,2000523E03,0,1336E01,0,4689E02,0,9993367,0,0044740,0,0361396
310,0,7851926E05,2000547E03,0,3321E00,0,4416E02,0,9986266,0,0087335,0,0516584
311,0,7753140E05,2001677E03,0,7041E02,0,3536E02,0,9987131,0,0488886,0,0134900
312,0,7720165E05,2001899E03,0,8904E01,0,6375E02,0,9978804,0,0043201,0,0649313
313,0,7880290E05,2000872E03,0,3199E02,0,1340E02,0,9996511,0,0262755,0,0027117
314,0,7734500E05,2000745E03,0,2674E02,0,2910E02,0,9994743,0,0276936,0,0168584
315,0,7644185E05,2002117E03,0,6833E02,0,2096E02,0,9996021,0,0276497,0,0055885
316,0,7755590E05,2000761E03,0,2167E02,0,3081E02,0,9992971,0,0141170,0,0347289
317,0,7760323E05,2000998E03,0,1541E02,0,1743E02,0,9999490,0,0088729,0,0048193
318,0,7916183E05,2001294E03,0,1172E02,0,6916E02,0,9984980,0,0107930,0,0537155
319,0,7789362E05,2000545E03,0,1928E01,0,4461E02,0,9998462,0,0147697,0,0094574
320,0,7854789E05,2000897E03,0,2487E02,0,2505E02,0,9999157,0,0110705,0,0067805
321,0,7783646E05,2000994E03,0,1213E02,0,2203E02,0,9997982,0,0145609,0,0138400
322,0,7700100E05,2000556E03,0,8539E01,0,4217E02,0,9997709,0,0153434,0,0149273
323,0,7829300E05,2001136E03,0,1540E02,0,6812E00,0,9988501,0,0470811,0,0090452
324,0,7828154E05,2000721E03,0,8371E01,0,9285E01,0,9994154,0,0269900,0,0209846
325,0,7699048E05,2000171E03,0,2600E01,0,5217E02,0,9983130,0,0104378,0,0571149
326,0,7719497E05,2000771E03,0,4021E02,0,1494E02,0,9997941,0,0202221,0,0017064
327,0,7901724E05,2000327E03,0,5144E02,0,1564E02,0,9985243,0,0327739,0,0433029
328,0,7804183E05,2001149E03,0,4218E02,0,1160E03,0,9964807,0,0161798,0,0822461
329,0,7723885E05,2000441E03,0,8649E02,0,7544E02,0,9812637,0,1280195,0,1439882
330,0,7695509E05,2001156E03,0,2961E02,0,8738E02,0,9990978,0,0034503,0,0423284
331,0,7721570E05,2000788E03,0,3263E02,0,4539E01,0,9990759,0,0428475,0,0033943
332,0,7798859E05,2001161E03,0,6966E01,0,1267E02,0,9993787,0,0226507,0,0270047
333,0,7821270E05,2000348E03,0,5843E02,0,9088E02,0,9966885,0,0258205,0,0771061
334,0,7836632E05,2000553E03,0,1916E02,0,4227E02,0,9989061,0,0211993,0,0416797
335,0,7870120E05,2000989E03,0,1291E02,0,1948E01,0,9993568,0,0267287,0,0239068
336,0,7803119E05,2001552E03,0,7262E02,0,4358E01,0,9965421,0,0748734,0,0360250
337,0,7725034E05,2000443E03,0,7205E02,0,2782E02,0,9814889,0,1875280,0,0388953
338,0,7843225E05,2001581E03,0,2535E01,0,6987E02,0,9990550,0,0312788,0,0301781
339,0,7757760E05,2000556E03,0,4856E02,0,1244E02,0,9997095,0,0229569,0,0073447
340,0,7787090E05,2002203E03,0,6435E02,0,2163E02,0,9986210,0,0435313,0,0293458
341,0,7694608E05,2000908E03,0,7242E01,0,2990E02,0,9999200,0,0119324,0,0041930
342,0,7802428E05,2000897E03,0,2887E01,0,3412E01,0,9993656,0,0348859,0,0071732
343,0,7821739E05,2001837E03,0,3071E02,0,6744E02,0,9984775,0,0042641,0,0549954
344,0,7678344E05,2002036E03,0,2275E02,0,6403E02,0,9987938,0,0164835,0,0462509
345,0,7877721E05,2001022E03,0,2013E01,0,1922E02,0,9994518,0,0067022,0,0324209
346,0,7852518E05,2000705E03,0,1677E02,0,3032E02,0,9997152,0,0001384,0,0238649
347,0,7639922E05,2000972E03,0,2439E02,0,9207E02,0,9975636,0,0139050,0,0683625
348,0,7882406E05,2000431E03,0,4465E02,0,2051E02,0,9996956,0,0234789,0,0075747
349,0,7802756E05,2001551E03,0,1289E03,0,8510E02,0,9967490,0,0598828,0,0539033
350,0,7755397E05,2000341E03,0,4992E02,0,5687E01,0,9998613,0,0111934,0,0123336
351,0,7871156E05,2001279E03,0,3029E02,0,8283E02,0,9986799,0,0176812,0,0482271
352,0,7780940E05,2001199E03,0,6212E01,0,3666E00,0,9995784,0,0114570,0,0266771
353,0,7782386E05,2001046E03,0,2374E02,0,1177E02,0,9999435,0,0106257,0,0002851
354,0,7844702E05,2000918E03,0,3028E02,0,6781E01,0,9994304,0,0072041,0,0329693
355,0,7677738E05,2000600E03,0,4250E02,0,1774E02,0,9994963,0,0175409,0,0264462
356,0,7662735E05,2000671E03,0,1299E03,0,5688E02,0,9960732,0,0654168,0,0596553
357,0,7815291E05,2000363E03,0,3159E02,0,1100E03,0,9983042,0,0090094,0,0575116
358,0,7624005E05,2000726E03,0,5814E02,0,9988E02,0,9789661,0,0840411,0,1859096
359,0,7782473E05,2001141E03,0,1485E02,0,3152E01,0,9999172,0,0127051,0,0020573
360,0,7774613E05,2000153E03,0,3544E02,0,9838E02,0,9970254,0,0245086,0,0730735
361,0,7596258E05,2001888E03,0,2287E03,0,7170E02,0,8623888,0,4995062,0,0823358
362,0,7795461E05,2001101E03,0,5806E01,0,1807E02,0,9997422,0,0146145,0,0173748
363,0,7761412E05,2000923E03,0,2707E02,0,8281E01,0,9997392,0,0042814,0,0224336
364,0,7856362E05,2000344E03,0,2496E02,0,4954E02,0,9996816,0,0184860,0,0171725
365,0,7818202E05,2000582E03,0,1008E03,0,1278E02,0,9989318,0,0449826,0,0105751
366,0,7769162E05,2000839E03,0,1010E03,0,2047E02,0,9984579,0,0554440,0,0027761
367,0,7827142E05,2001974E03,0,1496E03,0,8745E02,0,9945168,0,0935722,0,0466964
368,0,7711944E05,2000376E03,0,1622E02,0,4220E02,0,9996641,0,0085460,0,0244660
369,0,7869900E05,2000706E03,0,2606E02,0,3113E02,0,9998166,0,0156369,0,0110550
370,0,7821847E05,2000603E03,0,3077E02,0,3246E01,0,9992409,0,0389464,0,0008551
371,0,7705298E05,2001190E03,0,6943E01,0,1604E02,0,9999220,0,0049264,0,0114766
372,0,7793258E05,2000959E03,0,5852E02,0,5927E02,0,9985297,0,0387825,0,0378739
373,0,7680798E05,2001624E03,0,4526E02,0,2033E03,0,9912524,0,0006503,0,1319786
374,0,7706910E05,2000041E03,0,2320E02,0,5933E02,0,9985149,0,0014023,0,0544608
375,0,7483747E05,2001515E03,0,9111E02,0,5239E03,0,9030366,0,0789380,0,4222484
376,0,7909253E05,2000681E03,0,3829E02,0,5036E01,0,9998800,0,0094138,0,0123066
377,0,7834214E05,2000875E03,0,2785E02,0,3380E01,0,9993797,0,0299734,0,0184905
378,0,7873262E05,2000402E03,0,3479E02,0,3128E02,0,9993663,0,0294464,0,0199984
379,0,7694237E05,2001395E03,0,1361E03,0,4983E02,0,9283063,0,3493458,0,1272987
380,0,7691843E05,2001547E03,0,5119E02,0,1133E03,0,9989536,0,0301108,0,0344258
381,0,7741788E05,2000463E03,0,1423E02,0,6755E00,0,9980679,0,0424959,0,0453274
382,0,7751401E05,2000818E03,0,1693E02,0,2708E02,0,9985933,0,0420082,0,0323522
383,0,7807416E05,2000394E03,0,6833E02,0,6291E02,0,9972443,0,0603643,0,0431270
384,0,7794702E05,2000407E03,0,3065E02,0,3350E02,0,9990775,0,0012050,0,0429273
385,0,7763449E05,2000998E03,0,1466E02,0,1530E02,0,9999799,0,0028843,0,0056501
386,0,7810214E05,2000506E03,0,1137E03,0,3652E02,0,9834657,0,1748927,0,0469859
387,0,7833394E05,2001766E03,0,4346E02,0,6217E02,0,9980658,0,0374429,0,0496254
388,0,7824972E05,2001242E03,0,5901E01,0,2019E01,0,9999992,0,0009704,0,0008549
389,0,7824684E05,2000306E03,0,1573E02,0,4414E02,0,9989138,0,0134489,0,0446126
390,0,7777290E05,2001516E03,0,6819E02,0,5316E02,0,9981220,0,0256037,0,0556506
391,0,7797181E05,2001037E03,0,2059E03,0,7310E02,0,9896719,0,1409547,0,0261032
392,0,7924887E05,2001017E03,0,2367E02,0,1714E02,0,9999719,0,0059432,0,0045680
393,0,7705913E05,2001552E03,0,2915E03,0,2030E03,0,9777206,0,1615646,0,1340126
394,0,7762025E05,2000553E03,0,4375E02,0,7829E01,0,9990057,0,0445430,0,0018902
395,0,7717061E05,2000761E03,0,1074E01,0,4000E02,0,9994142,0,0088238,0,0330677
396,0,7748549E05,2000796E03,0,6465E02,0,1359E03,0,9968845,0,0289660,0,0733643
397,0,7744994E05,2002219E03,0,6810E02,0,1191E02,0,9992116,0,0390359,0,0072331
398,0,7691346E05,2001539E03,0,1848E02,0,1209E03,0,9981266,0,0079144,0,0606690
399,0,7785304E05,2001043E03,0,1038E00,0,1494E02,0,9999531,0,0008373,0,0096456
400,0,7691894E05,2000396E03,0,1009E01,0,5373E02,0,9997171,0,0027480,0,0236268
401,0,7827228E05,2000849E03,0,4386E00,0,1081E02,0,9995094,0,0256387,0,0179915
402,0,7745380E05,2000306E03,0,4284E01,0,2286E02,0,9988625,0,0096534,0,0466960
403,0,7799911E05,2001940E03,0,5999E02,0,3447E02,0,9993313,0,0359503,0,0066672
404,0,7759873E05,2000434E03,0,3344E01,0,5586E02,0,9995896,0,0109178,0,0264854
405,0,7758621E05,2000370E03,0,7023E00,0,5146E02,0,9993952,0,0038398,0,0345615
406,0,7789962E05,2000224E03,0,2268E03,0,1220E02,0,9892846,0,1414446,0,0361867
407,0,7845530E05,2000986E03,0,1749E02,0,1920E02,0,9997229,0,0234959,0,0014181
408,0,7780097E05,2002112E03,0,5913E02,0,3813E02,0,9992061,0,0361093,0,0168287
409,0,7755310E05,2000206E03,0,4683E02,0,3886E02,0,9994953,0,0221427,0,0227790
410,0,7744340E05,2001588E03,0,6998E02,0,3623E02,0,9979312,0,0405365,0,0499020
411,0,7819328E05,2002136E03,0,4195E02,0,5557E02,0,9989822,0,0227616,0,0389423
412,0,7834495E05,2000737E03,0,1705E00,0,3609E02,0,9991830,0,0119901,0,0385945
413,0,7889554E05,2000098E03,0,3034E02,0,3110E02,0,9990317,0,0115860,0,0424422
414,0,7690448E05,2000745E03,0,1806E02,0,2594E02,0,9992241,0,0035608,0,0392233
415,0,7864096E05,2000799E03,0,4854E01,0,1174E02,0,9995822,0,0067725,0,0280979
416,0,7688824E05,2000652E03,0,3930E02,0,2120E02,0,9986319,0,0522091,0,0029211
417,0,7702516E05,2001738E03,0,8785E01,0,7442E02,0,9984736,0,0024159,0,0551788
418,0,7739224E05,2001588E03,0,1992E03,0,1062E03,0,9963939,0,0837120,0,0138401
419,0,7668406E05,2000119E03,0,3314E02,0,1257E03,0,9956843,0,0233765,0,0898125
420,0,7819985E05,2000404E03,0,1008E03,0,3276E02,0,9974814,0,0669837,0,0233231
421,0,7783677E05,2000688E03,0,2187E02,0,3814E02,0,9991859,0,0154259,0,0372772
422,0,7704361E05,2002118E03,0,2344E03,0,1716E03,0,9843220,0,1364741,0,1117364
423,0,7862252E05,2000625E03,0,1707E02,0,9365E01,0,9988853,0,0166625,0,0441655
424,0,7709528E05,2001373E03,0,2591E03,0,2333E03,0,9806199,0,1393390,0,1377290
425,0,7744052E05,2000608E03,0,1471E02,0,4359E02,0,9993371,0,0363549,0,0019201
426,0,7705962E05,2000574E03,0,3293E02,0,3676E02,0,9993314,0,0130228,0,0341637
427,0,7744684E05,2001995E03,0,7915E01,0,6720E02,0,9982021,0,0079510,0,0594081
428,0,7748014E05,2001142E03,0,3959E01,0,7950E01,0,9996340,0,0109922,0,0247202
429,0,7820607E05,2001080E03,0,2365E02,0,3014E01,0,9999405,0,0050431,0,0096757
430,0,7905733E05,2001226E03,0,3783E01,0,7960E01,0,9999276,0,0104228,0,0060146
431,0,7780038E05,2000957E03,0,2129E02,0,1948E02,0,9997089,0,0198866,0,0136599
432,0,7744334E05,2001039E03,0,6480E01,0,3352E02,0,9979745,0,0255077,0,0582776
433,0,7694735E05,2000850E03,0,1065E03,0,2638E03,0,9965520,0,0147387,0,0816512
434,0,7792349E05,2000185E03,0,3803E02,0,9733E02,0,9964926,0,0603024,0,0580182
435,0,7817552E05,2001119E03,0,7407E01,0,1333E02,0,9998702,0,0144679,0,0070859
436,0,7759913E05,2001081E03,0,1965E02,0,1356E02,0,9998360,0,0113865,0,0140843
437,0,7770880E05,2000535E03,0,1150E02,0,4879E02,0,9991302,0,0233767,0,0345321
438,0,7811481E05,2000763E03,0,3555E02,0,1772E01,0,9993239,0,0236268,0,0281708
439,0,7861998E05,2001340E03,0,5761E02,0,6072E02,0,9918859,0,1017044,0,0762792
440,0,7795940E05,2001014E03,0,1635E02,0,8563E01,0,9995036,0,0088465,0,0302370
441,0,7725625E05,2000949E03,0,3144E02,0,6708E01,0,9994417,0,0327574,0,0065818
442,0,7765044E05,2000819E03,0,5203E02,0,8828E02,0,9982463,0,0344381,0,0481498
443,0,7728836E05,2000488E03,0,3407E02,0,2153E02,0,9989091,0,0447455,0,0133611
444,0,7785226E05,2000589E03,0,1567E02,0,3190E02,0,9986652,0,0294031,0,0424661
445,0,7723871E05,2000762E03,0,6817E01,0,3875E02,0,9996916,0,0040480,0,0245023
446,0,7817896E05,2000661E03,0,3464E02,0,2185E02,0,9993745,0,0296837,0,0192209
447,0,7737991E05,2000513E03,0,3443E02,0,2622E02,0,9980089,0,0462352,0,0429024
448,0,7830191E05,2000542E03,0,2296E02,0,2642E02,0,9997688,0,0213046,0,0029097
449,0,7781589E05,2000946E03,0,2692E02,0,1802E02,0,9999703,0,0074974,0,0018028
450,0,7800827E05,2000371E03,0,1293E02,0,4898E02,0,9987962,0,0188647,0,0452804
451,0,7785662E05,2000793E03,0,1023E01,0,2648E02,0,9991757,0,0026377,0,0405088
452,0,7805741E05,2000367E03,0,1279E02,0,4600E02,0,9985850,0,0356298,0,0394774
453,0,7788719E05,2001082E03,0,7780E01,0,2433E02,0,9998349,0,0174659,0,0050083
454,0,7722511E05,2001147E03,0,4179E01,0,1670E02,0,9999928,0,0036455,0,0010754
455,0,7713851E05,2000778E03,0,2021E02,0,3305E02,0,9995346,0,0090696,0,0291247
456,0,7756185E05,2000857E03,0,3262E02,0,1135E02,0,9996437,0,0103648,0,0245990
457,0,7791118E05,2000397E03,0,5476E02,0,1679E02,0,9996204,0,0256694,0,0100083
458,0,7798136E05,2000666E03,0,1247E02,0,3547E02,0,9997467,0,0217925,0,0056249
459,0,7810807E05,2000138E03,0,3950E02,0,5855E02,0,9897470,0,0908536,0,1102112
460,0,7752851E05,2001117E03,0,1652E02,0,5764E01,0,9998967,0,0054252,0,0133118
461,0,7868415E05,2000747E03,0,1187E02,0,2203E02,0,9994959,0,0031767,0,0315876
462,0,7805812E05,2000936E03,0,2217E02,0,7758E01,0,9994708,0,0311059,0,0095196
463,0,7766039E05,2000072E03,0,3787E02,0,4988E02,0,9986202,0,0310815,0,0423273
464,0,7745350E05,2000360E03,0,9271E02,0,2962E02,0,9994454,0,0259326,0,0208892
465,0,7743170E05,2001154E03,0,1298E02,0,7384E01,0,9999867,0,0018441,0,0048253
466,0,7782104E05,2001860E03,0,6250E02,0,3008E02,0,9994955,0,0015554,0,0317231
467,0,7760198E05,2000993E03,0,8244E00,0,1211E02,0,9998926,0,0146042,0,0012482
468,0,7765051E05,2001514E03,0,5426E02,0,6863E02,0,9983918,0,0425156,0,0375006
469,0,7701366E05,2000986E03,0,2600E02,0,1433E02,0,9998193,0,0186725,0,0035508
470,0,7847289E05,2000923E03,0,3241E02,0,1087E02,0,9987593,0,0121400,0,0482961
471,0,7941485E05,2001130E03,0,5048E00,0,1434E02,0,9999593,0,0067171,0,0060308
472,0,7780122E05,2001069E03,0,2056E02,0,1804E02,0,9997623,0,0069266,0,0206745
473,0,7728077E05,2001423E03,0,7254E02,0,4290E02,0,9980482,0,0552288,0,0291486
474,0,7746228E05,2000864E03,0,2379E02,0,1572E02,0,9995026,0,0306398,0,0074605
475,0,7698124E05,2001133E03,0,1850E02,0,1362E02,0,9998756,0,0139877,0,0072953
476,0,7842241E05,2000638E03,0,1366E02,0,4637E02,0,9996819,0,0190317,0,0165510
477,0,7769612E05,2000439E03,0,4217E02,0,3239E02,0,9993878,0,0349700,0,0010996
478,0,7779033E05,2000940E03,0,1113E02,0,2464E02,0,9996226,0,0059713,0,0268127
479,0,7944931E05,2000793E03,0,1968E01,0,3479E02,0,9994089,0,0114320,0,0324214
480,0,7781724E05,2001907E03,0,3991E02,0,6159E02,0,9977333,0,0594648,0,0314993
481,0,7835913E05,2000603E03,0,1583E02,0,4074E02,0,9990432,0,0412614,0,0144955
482,0,7749550E05,2001327E03,0,6043E02,0,6127E02,0,9982784,0,0300061,0,0503966
483,0,7854329E05,2000387E03,0,4814E02,0,1621E01,0,9988353,0,0433847,0,0211127
484,0,7733485E05,2002227E03,0,5087E02,0,3981E02,0,9982680,0,0556981,0,0189414
485,0,7841516E05,2001063E03,0,1657E02,0,1164E02,0,9997142,0,0112650,0,0210881
486,0,7796409E05,2000347E03,0,2768E02,0,2833E02,0,9976530,0,0134094,0,0671469
487,0,7826503E05,2000855E03,0,1071E02,0,3349E02,0,9998670,0,0104712,0,0124997
488,0,7744030E05,2001277E03,0,1169E03,0,4371E02,0,9996713,0,0229929,0,0113444
489,0,7762708E05,2001001E03,0,1035E02,0,2806E02,0,9997895,0,0143288,0,0146859
490,0,7770898E05,2000963E03,0,2419E02,0,2110E01,0,9998431,0,0118837,0,0131340
491,0,7790076E05,2001489E03,0,6378E01,0,8204E02,0,9983851,0,0277059,0,0495932
492,0,7812338E05,2001881E03,0,3524E02,0,5377E02,0,9995881,0,0280492,0,0060797
493,0,7841498E05,2001005E03,0,8746E02,0,2890E02,0,9970602,0,0727900,0,0239301
494,0,7820239E05,2001105E03,0,1475E02,0,1139E02,0,9999460,0,0103470,0,0009160
495,0,7771940E05,2000805E03,0,9914E01,0,1294E02,0,9996403,0,0249399,0,0098662
496,0,7705325E05,2000217E03,0,5732E02,0,1836E02,0,9987005,0,0459738,0,0219958
497,0,7659602E05,2000651E03,0,3963E02,0,2281E02,0,9996861,0,0205652,0,0143122
498,0,7786874E05,2001011E03,0,8744E02,0,2603E03,0,9883739,0,0450745,0,1452082
499,0,7649456E05,2000441E03,0,1696E03,0,6523E02,0,9571834,0,2710428,0,1016650
500,0,7820730E05,2000738E03,0,2092E02,0,1133E02,0,9993070,0,0352206,0,0120388
501,0,7698943E05,2000276E03,0,1125E02,0,5106E02,0,9995507,0,0088254,0,0286455
502,0,7834177E05,2000732E03,0,6425E02,0,4807E02,0,9923755,0,0994192,0,0728465
503,0,7811966E05,2000074E03,0,2292E02,0,3751E02,0,9984853,0,0396625,0,0381319
504,0,7952073E05,2001146E03,0,1197E02,0,9134E01,0,9998498,0,0171154,0,0027315
505,0,7785740E05,2002219E03,0,4908E02,0,2794E02,0,9994768,0,0323299,0,0009189
506,0,7834589E05,2001055E03,0,8152E02,0,4107E02,0,9969471,0,0659085,0,0418625
507,0,7714603E05,2000624E03,0,2253E02,0,3551E02,0,9996533,0,0017177,0,0262755
508,0,7851018E05,2001008E03,0,1937E02,0,4704E01,0,9996734,0,0218906,0,0131849
509,0,7733443E05,2001143E03,0,1833E02,0,1733E01,0,9998015,0,0055347,0,0191388
510,0,7733800E05,2001650E03,0,2105E03,0,4321E02,0,9915450,0,1251318,0,0343605
511,0,7845982E05,2000049E03,0,2937E02,0,5523E02,0,9983333,0,0207542,0,0538498
512,0,7754641E05,2001742E03,0,9618E02,0,8337E02,0,9989019,0,0348699,0,0312902
513,0,7781513E05,2000379E03,0,2902E02,0,2969E02,0,9980347,0,0184426,0,0598878
514,0,7772509E05,2000242E03,0,5542E02,0,9315E01,0,9992789,0,0323702,0,0198467
515,0,7887193E05,2000525E03,0,4704E02,0,1851E01,0,9993934,0,0341026,0,0070578
516,0,7712981E05,2000526E03,0,7461E00,0,4460E02,0,9994787,0,0195416,0,0257001
517,0,7826804E05,2000603E03,0,9447E01,0,3922E02,0,9994071,0,0030236,0,0342985
518,0,7716232E05,2000696E03,0,5744E01,0,2648E02,0,9994641,0,0061962,0,0321427
519,0,7835140E05,2001022E03,0,9573E02,0,7952E01,0,9976673,0,0637639,0,0243749
520,0,7693794E05,2001192E03,0,6520E02,0,6852E02,0,9992668,0,0350608,0,0153806
521,0,7711962E05,2000227E03,0,1318E02,0,3813E01,0,9953540,0,0962255,0,0033404
522,0,7712984E05,2001635E03,0,2033E02,0,6569E02,0,9963185,0,0305573,0,0800979
523,0,7674320E05,2001070E03,0,3592E01,0,2029E02,0,9998862,0,0142459,0,0049682
524,0,7730922E05,2000176E03,0,4198E01,0,4456E02,0,9988490,0,0346507,0,0331655
525,0,7869352E05,2001087E03,0,2429E02,0,6345E01,0,9998718,0,0158856,0,0020102
526,0,7830907E05,2000859E03,0,3608E02,0,9315E01,0,9998054,0,0151664,0,0126124
527,0,7745073E05,2001054E03,0,6340E01,0,2482E02,0,9999846,0,0042303,0,0035898
528,0,7901352E05,2001090E03,0,1416E02,0,1781E02,0,9999420,0,0050337,0,0095199
529,0,7726053E05,2000435E03,0,4066E02,0,2437E02,0,9995554,0,0257238,0,0150773
530,0,7740821E05,2001073E03,0,5900E01,0,1483E02,0,9998271,0,0185358,0,0014756
531,0,7868746E05,2002244E03,0,2232E02,0,6383E02,0,9991186,0,0059706,0,0415502
532,0,7742929E05,2000871E03,0,2370E02,0,1191E03,0,9886323,0,0071667,0,1501828
533,0,7818396E05,2000547E03,0,3262E02,0,1582E02,0,9997011,0,0137772,0,0201989
534,0,7707279E05,2001146E03,0,6861E01,0,7956E01,0,9998904,0,0033794,0,0144117
535,0,7847744E05,2002116E03,0,8404E02,0,3274E02,0,9966679,0,0709371,0,0402608
536,0,7839437E05,2000180E03,0,4853E02,0,8502E01,0,9971166,0,0750354,0,0113188
537,0,7880179E05,2001264E03,0,4437E01,0,3061E00,0,9999370,0,0058176,0,0095985
538,0,7810509E05,2000661E03,0,2959E02,0,1095E02,0,9995245,0,0067942,0,0300768
539,0,7635845E05,2000998E03,0,2097E02,0,9127E01,0,9993228,0,0017663,0,0367525
540,0,7761653E05,2001109E03,0,1054E02,0,1500E02,0,9998855,0,0109924,0,0103983
541,0,7689696E05,2002074E03,0,8559E02,0,7275E02,0,9988440,0,0402512,0,0262777
542,0,7684683E05,2001657E03,0,2619E02,0,7538E02,0,9988341,0,0017745,0,0482413
543,0,7740988E05,2000536E03,0,5467E01,0,4806E02,0,9993592,0,0043738,0,0355257
544,0,7803786E05,2000462E03,0,4895E01,0,3911E02,0,9985073,0,0050900,0,0543799
545,0,7803823E05,2001004E03,0,1210E03,0,5413E02,0,9973194,0,0731696,0,0005361
546,0,7775002E05,2000308E03,0,4655E02,0,3376E02,0,9994132,0,0198181,0,0279364
547,0,7708357E05,2000975E03,0,2054E02,0,1454E03,0,9931556,0,0080918,0,1165182
548,0,7772665E05,2000421E03,0,5405E02,0,1342E02,0,9994107,0,0332752,0,0084301
549,0,7728496E05,2001041E03,0,1677E02,0,1805E02,0,9997853,0,0202619,0,0043385
550,0,7805029E05,2000885E03,0,2704E02,0,7435E01,0,9996570,0,0016944,0,0261342
551,0,7836878E05,2000931E03,0,9432E01,0,8099E02,0,9979326,0,0091077,0,0636198
552,0,7633089E05,2001579E03,0,5084E02,0,1186E03,0,9945360,0,0182029,0,1027951
553,0,7736934E05,2001990E03,0,4095E02,0,5164E02,0,9987494,0,0335871,0,0370342
554,0,7849279E05,2000347E03,0,6005E02,0,1462E02,0,9997678,0,0064685,0,0205539
555,0,7902501E05,2000578E03,0,4352E02,0,4937E01,0,9994315,0,0295533,0,0162233
556,0,7531817E05,2001260E03,0,4037E03,0,7341E03,0,8876844,0,2081513,0,4107181
557,0,7684601E05,2000425E03,0,1844E02,0,5081E02,0,9994124,0,0277157,0,0201659
558,0,7529700E05,2000780E03,0,6917E03,0,3160E03,0,9074593,0,3833850,0,1718533
559,0,7813282E05,2000841E03,0,2039E02,0,1544E02,0,9989629,0,0452668,0,0049091
560,0,7696431E05,2000599E03,0,3895E02,0,6701E00,0,9993311,0,0234414,0,0280683
561,0,7781331E05,2001198E03,0,3322E02,0,7688E02,0,9981606,0,0051105,0,0604102
562,0,7657851E05,2002182E03,0,6338E02,0,1432E02,0,9994624,0,0304134,0,0122411
563,0,7721656E05,2000338E03,0,4109E02,0,1264E02,0,9997561,0,0213206,0,0057554
564,0,7758889E05,2002023E03,0,2475E02,0,6117E02,0,9978165,0,0458378,0,0475510
565,0,7821642E05,2000104E03,0,1022E03,0,1339E02,0,9972057,0,0692016,0,0281422
566,0,7776734E05,2001056E03,0,1369E02,0,1121E02,0,9999374,0,0110129,0,0019806
567,0,7825851E05,2000854E03,0,3426E02,0,1643E02,0,9998553,0,0153613,0,0073114
568,0,7877264E05,2000301E03,0,4300E02,0,3765E02,0,9987064,0,0275100,0,0427638
569,0,7647871E05,2001876E03,0,5067E02,0,1157E02,0,9972379,0,0676127,0,0307431
570,0,7759781E05,2000763E03,0,6322E02,0,6163E02,0,9972816,0,0443416,0,0588500
571,0,7802040E05,2000904E03,0,5024E01,0,3267E02,0,9997186,0,0000432,0,0237234
572,0,7903292E05,2001360E03,0,6834E02,0,1063E03,0,9961881,0,0342895,0,0802090
573,0,7766024E05,2001024E03,0,5022E01,0,1124E02,0,9998420,0,0149283,0,0096473
574,0,7822077E05,2000879E03,0,5532E01,0,3014E02,0,9997199,0,0102086,0,0213535
575,0,7655092E05,2001890E03,0,5020E02,0,3827E02,0,9995763,0,0287606,0,0044879
576,0,7769916E05,2001012E03,0,1964E02,0,1238E02,0,9998228,0,0033873,0,0185167
577,0,7713628E05,2000163E03,0,2585E02,0,1448E02,0,9989719,0,0442081,0,0100400
578,0,7727329E05,2000320E03,0,2947E02,0,1001E03,0,9973786,0,0126950,0,0712380
579,0,7736349E05,2000963E03,0,2907E02,0,1526E02,0,9998382,0,0171450,0,0054383
580,0,7764336E05,2001129E03,0,1045E02,0,4275E01,0,9996713,0,0160080,0,0200275
581,0,7741246E05,2000773E03,0,2613E02,0,6313E01,0,9991769,0,0369204,0,0168057
582,0,7822375E05,2000763E03,0,4768E01,0,3762E02,0,9992169,0,0039528,0,0393700
583,0,7864219E05,2002070E03,0,7136E02,0,7284E02,0,9934065,0,0998011,0,0564209
584,0,7811117E05,2001031E03,0,2455E01,0,1675E02,0,9998152,0,0117836,0,0151916
585,0,7777492E05,2001030E03,0,3022E01,0,4172E01,0,9996713,0,0023211,0,0255307
586,0,7833116E05,2000937E03,0,7548E00,0,2965E02,0,9999687,0,0075821,0,0022473
587,0,7696111E05,2001134E03,0,1026E02,0,1872E03,0,9938435,0,0139579,0,1099107
588,0,7721391E05,2000814E03,0,2442E02,0,2254E02,0,9995542,0,0294246,0,0050532
589,0,7795808E05,2002063E03,0,2155E02,0,6249E02,0,9994943,0,0317759,0,0012351
590,0,7847616E05,2000752E03,0,9923E01,0,4138E02,0,9995576,0,0008750,0,0297293
591,0,7840562E05,2000490E03,0,4328E02,0,2855E02,0,9990658,0,0384974,0,0196338
592,0,7761394E05,2000866E03,0,2047E02,0,9891E01,0,9990313,0,0383811,0,0215264
593,0,7877648E05,2000712E03,0,1608E02,0,3547E02,0,9997762,0,0034888,0,0208666
594,0,7744596E05,2000980E03,0,9749E01,0,2605E02,0,9996870,0,0168883,0,0184594
595,0,7787885E05,2001253E03,0,4469E01,0,4513E01,0,9999790,0,0025512,0,0059580
596,0,7796779E05,2000300E03,0,4175E02,0,3877E02,0,9996387,0,0139592,0,0229691
597,0,7719932E05,2002200E03,0,2015E02,0,5523E02,0,9987458,0,0272449,0,0420065
598,0,7851270E05,2000676E03,0,1053E02,0,2086E02,0,9974359,0,0218803,0,0681392
599,0,7852757E05,2000683E03,0,3892E02,0,8460E01,0,9999977,0,0016026,0,0014037
600,0,7876093E05,2002085E03,0,4155E02,0,5128E02,0,9987511,0,0330108,0,0375035
601,0,7753168E05,2000648E03,0,1356E02,0,3762E02,0,9996380,0,0193603,0,0186855
602,0,7753916E05,2000824E03,0,3105E02,0,1672E02,0,9993668,0,0352464,0,0048674
603,0,7778963E05,2000940E03,0,2096E01,0,3143E02,0,9997439,0,0226284,0,0002376
604,0,7794991E05,2000105E03,0,6132E02,0,8488E00,0,9980285,0,0626849,0,0031005
605,0,7746578E05,2000680E03,0,7401E01,0,4578E02,0,9997443,0,0043170,0,0221985
606,0,7757034E05,2001689E03,0,8002E02,0,4349E01,0,9981248,0,0545919,0,0276882
607,0,7808466E05,2000454E03,0,3226E02,0,6359E01,0,9990291,0,0440275,0,0015721
608,0,7759061E05,2000518E03,0,4962E03,0,6928E02,0,9576282,0,2867486,0,0268983
609,0,7867488E05,2000069E03,0,4186E02,0,9941E01,0,9983914,0,0243389,0,0512075
610,0,7760050E05,2001071E03,0,2433E02,0,1386E01,0,9999262,0,0082887,0,0088828
611,0,7806389E05,2001270E03,0,2766E01,0,1709E01,0,9999995,0,0002230,0,0009429
612,0,7838682E05,2000583E03,0,1221E02,0,4788E02,0,9996255,0,0020640,0,0272856
613,0,7891706E05,2001027E03,0,2340E02,0,1323E02,0,9998868,0,0099329,0,0113060
614,0,7855566E05,2002193E03,0,4231E02,0,4800E02,0,9957974,0,0643582,0,0651579
615,0,7682361E05,2001163E03,0,1546E02,0,6036E01,0,9999206,0,0090560,0,0087645
616,0,7859902E05,2001022E03,0,1027E02,0,1479E02,0,9998220,0,0111745,0,0152020
617,0,7762019E05,2000685E03,0,1545E02,0,5634E01,0,9992157,0,0364076,0,0155703
618,0,7639751E05,2000889E03,0,2836E02,0,9725E01,0,9997992,0,0184270,0,0078735
619,0,7799844E05,2000961E03,0,1306E02,0,2362E02,0,9997539,0,0218934,0,0035716
620,0,7754197E05,2001160E03,0,2268E03,0,3624E02,0,9867729,0,1607874,0,0206544
621,0,7797668E05,2001209E03,0,6703E01,0,2751E01,0,9996999,0,0163422,0,0182500
622,0,7726265E05,2000230E03,0,3690E02,0,3490E02,0,9992139,0,0208484,0,0337191
623,0,7818561E05,2001887E03,0,3878E02,0,3066E02,0,9973658,0,0643881,0,0334002
624,0,7825863E05,2000407E03,0,4273E02,0,4186E01,0,9987092,0,0474106,0,0182263
625,0,7822666E05,2002121E03,0,2074E02,0,5622E02,0,9997551,0,0082136,0,0205506
626,0,7942089E05,2000345E03,0,3367E02,0,1131E02,0,9982885,0,0583363,0,0041157
627,0,7904178E05,2001164E03,0,1353E02,0,3605E01,0,9999896,0,0022125,0,0039942
628,0,7945981E05,2001868E03,0,7393E02,0,7897E01,0,9985236,0,0462340,0,0285149
629,0,7721786E05,2000081E03,0,4264E02,0,4112E02,0,9999682,0,0025904,0,0075378
630,0,7751076E05,2001237E03,0,5728E01,0,2042E01,0,9999701,0,0077016,0,0007174
631,0,7668841E05,2000480E03,0,1353E03,0,3472E02,0,9936211,0,0729267,0,0860168
632,0,7877271E05,2000189E03,0,4243E02,0,4324E02,0,9995026,0,0294924,0,0111694
633,0,7902404E05,2001896E03,0,1385E03,0,1290E02,0,9932428,0,1159622,0,0046388
634,0,7755066E05,2000757E03,0,8355E01,0,4085E02,0,9996559,0,0108512,0,0238812
635,0,7885554E05,2000588E03,0,1019E03,0,2687E02,0,9896377,0,1356421,0,0471009
636,0,7738849E05,2000283E03,0,4103E02,0,4215E02,0,9995101,0,0308298,0,0053837
637,0,7898682E05,2001247E03,0,8556E02,0,7335E01,0,9985212,0,0420039,0,0345118
638,0,7827688E05,2001836E03,0,5138E01,0,6400E02,0,9966866,0,0093567,0,0807978
639,0,7774836E05,2000588E03,0,2247E02,0,4533E02,0,9999365,0,0076813,0,0082504
640,0,7740975E05,2001905E03,0,4267E02,0,7969E01,0,9974306,0,0698342,0,0159813
641,0,7737203E05,2000067E03,0,6287E02,0,2189E02,0,9980652,0,0433365,0,0445837
642,0,7816952E05,2000831E03,0,2475E02,0,7751E00,0,9997208,0,0225268,0,0071358
643,0,7758749E05,2001098E03,0,1155E02,0,2158E02,0,9999455,0,0013331,0,0103585
644,0,7765276E05,2000201E03,0,1032E03,0,3925E02,0,9982336,0,0575551,0,0147317
645,0,7788166E05,2001142E03,0,1344E02,0,1734E02,0,9999416,0,0087180,0,0063812
646,0,7883976E05,2000874E03,0,1135E02,0,9718E02,0,9987935,0,0032253,0,0490020
647,0,7702260E05,2000316E03,0,2514E02,0,2694E02,0,9944427,0,0537568,0,0905199
648,0,7834139E05,2001050E03,0,2312E02,0,9437E01,0,9994911,0,0318753,0,0012032
649,0,7757397E05,2000728E03,0,1182E01,0,2176E02,0,9962897,0,0268103,0,0817810
650,0,7732941E05,2000978E03,0,1565E02,0,8983E01,0,9998402,0,0065201,0,0166465
651,0,7721293E05,2000648E03,0,8882E02,0,2382E03,0,9792395,0,0796124,0,1864184
652,0,7677810E05,2000877E03,0,1818E02,0,1524E02,0,9996998,0,0213973,0,0119334
653,0,7848616E05,2000644E03,0,4525E02,0,7708E01,0,9999322,0,0073662,0,0090213
654,0,7698628E05,2000965E03,0,9375E01,0,7001E00,0,9999561,0,0010244,0,0093094
655,0,7655628E05,2000421E03,0,4222E02,0,9632E02,0,9943505,0,0559850,0,0901822
656,0,7730678E05,2000820E03,0,9568E01,0,3267E02,0,9999823,0,0036311,0,0047115
657,0,7885714E05,2002134E03,0,6504E02,0,2287E02,0,9987462,0,0457109,0,0204071
658,0,7679655E05,2001086E03,0,4928E02,0,3010E02,0,9991601,0,0087573,0,0400292
659,0,7699371E05,2001116E03,0,5415E00,0,1937E02,0,9997922,0,0027266,0,0202045
660,0,7813348E05,2000161E03,0,4703E00,0,1119E03,0,9980739,0,0182603,0,0592874
661,0,7826163E05,2001610E03,0,6247E02,0,4097E02,0,9973523,0,0537030,0,0490347
662,0,7763687E05,2000970E03,0,2877E02,0,1025E02,0,9996464,0,0241174,0,0112014
663,0,7794785E05,2000388E03,0,3608E02,0,4222E02,0,9994463,0,0184861,0,0276661
664,0,7783186E05,2001175E03,0,1389E02,0,1059E01,0,9999811,0,0060354,0,0011936
665,0,7872683E05,2000615E03,0,1966E02,0,2942E02,0,9994880,0,0233606,0,0218659
666,0,7699948E05,2001020E03,0,5159E02,0,2222E03,0,9895863,0,0408296,0,1380289
667,0,7836598E05,2001714E03,0,1517E02,0,7282E02,0,9989701,0,0095128,0,0443653
668,0,7780125E05,2001023E03,0,3395E01,0,7596E01,0,9995825,0,0235086,0,0167969
669,0,7792323E05,2000635E03,0,3546E02,0,2929E02,0,9993014,0,0368738,0,0060909
670,0,7840461E05,2001057E03,0,2876E02,0,9267E02,0,9946572,0,0254982,0,1000340
671,0,7853995E05,2000716E03,0,1866E02,0,3686E02,0,9994872,0,0077943,0,0310574
672,0,7643176E05,2001980E03,0,2120E03,0,2004E03,0,9647893,0,1840911,0,1878619
673,0,7788422E05,2000417E03,0,3295E02,0,3373E01,0,9987604,0,0481324,0,0126853
674,0,7879724E05,2000606E03,0,2366E02,0,2164E02,0,9992307,0,0279697,0,0274909
675,0,7772406E05,2000452E03,0,1615E02,0,9202E02,0,9963198,0,0173918,0,0839304
676,0,7863057E05,2000469E03,0,3590E02,0,2689E01,0,9981999,0,0599145,0,0027018
677,0,7668233E05,2001241E03,0,2285E03,0,7081E02,0,9862546,0,1647468,0,0126646
678,0,7662605E05,2001659E03,0,7167E02,0,2784E01,0,9980286,0,0599415,0,0185994
679,0,7743790E05,2000905E03,0,4606E02,0,1195E03,0,9967275,0,0186241,0,0786602
680,0,7722818E05,2001045E03,0,9763E01,0,2110E02,0,9997144,0,0233085,0,0052793
681,0,7813245E05,2000965E03,0,3002E02,0,8530E01,0,9999430,0,0047944,0,0095361
682,0,7670379E05,2000769E03,0,6656E01,0,3528E02,0,9987573,0,0442519,0,0229259
683,0,7815528E05,2001802E03,0,4224E01,0,6905E02,0,9985327,0,0278322,0,0464516
684,0,7922896E05,2001289E03,0,8117E02,0,1105E02,0,9968556,0,0746623,0,0265398
685,0,7777381E05,2001232E03,0,3843E01,0,3114E01,0,9999963,0,0009356,0,0025643
686,0,7763373E05,2000522E03,0,3804E02,0,3220E02,0,9995939,0,0191339,0,0211153
687,0,7750155E05,2000262E03,0,5042E02,0,4501E02,0,9973199,0,0679098,0,0272262
688,0,7794888E05,2001752E03,0,4356E02,0,2025E03,0,9938856,0,0049355,0,1103040
689,0,7610209E05,2000591E03,0,1007E02,0,4762E02,0,9997746,0,0044266,0,0207635
690,0,7919250E05,2000905E03,0,2604E02,0,6747E00,0,9999496,0,0059282,0,0080994
691,0,7767627E05,2000489E03,0,3869E02,0,1378E02,0,9986859,0,0484331,0,0167524
692,0,7845100E05,2000384E03,0,1904E02,0,4595E02,0,9989389,0,0212858,0,0408401
693,0,7695727E05,2000601E03,0,2615E02,0,9086E02,0,9974000,0,0231696,0,0682375
694,0,7701937E05,2001076E03,0,6917E02,0,5468E02,0,9987782,0,0419504,0,0261202
695,0,7770919E05,2000561E03,0,4568E02,0,1348E02,0,9990463,0,0323408,0,0293352
696,0,7792748E05,2001828E03,0,1062E02,0,5703E02,0,9980744,0,0504319,0,0361116
697,0,7707490E05,2000840E03,0,2960E02,0,1631E02,0,9997953,0,0164331,0,0118012
698,0,7710024E05,2000875E03,0,1934E00,0,3470E02,0,9993286,0,0007843,0,0366291
699,0,7753147E05,2000523E03,0,4106E02,0,2519E02,0,9986484,0,0360488,0,0374406
700,0,7796673E05,2002191E03,0,9317E02,0,4404E02,0,9970682,0,0690295,0,0330127
701,0,7814019E05,2000193E03,0,4400E02,0,1696E02,0,9985408,0,0519003,0,0149239
702,0,7733607E05,2001881E03,0,4920E02,0,2797E02,0,9981874,0,0469332,0,0376723
703,0,7732264E05,2000768E03,0,1897E02,0,3624E02,0,9995027,0,0223194,0,0222740
704,0,7660580E05,2000174E03,0,3379E02,0,4809E02,0,9982269,0,0148000,0,0576535
705,0,7845877E05,2000883E03,0,2054E02,0,2928E02,0,9996548,0,0180339,0,0191067
706,0,7788652E05,2000168E03,0,4337E02,0,2013E02,0,9989214,0,0460684,0,0058044
707,0,7846176E05,2000633E03,0,3123E02,0,2243E02,0,9991408,0,0411411,0,0050114
708,0,7767522E05,2000606E03,0,2053E02,0,4151E02,0,9997159,0,0154214,0,0181755
709,0,7919978E05,2001035E03,0,2068E02,0,1172E02,0,9996742,0,0228328,0,0114059
710,0,7799161E05,2000748E03,0,5311E01,0,3865E02,0,9988666,0,0195650,0,0433903
711,0,7871655E05,2000688E03,0,3958E02,0,1061E02,0,9998167,0,0191458,0,0003178
712,0,7728806E05,2001062E03,0,2323E02,0,8610E02,0,9982266,0,0199209,0,0560967
713,0,7780021E05,2000407E03,0,1775E02,0,4105E02,0,9988108,0,0136860,0,0467932
714,0,7757162E05,2000421E03,0,1019E02,0,4812E02,0,9991908,0,0084781,0,0393181
715,0,7773232E05,2000729E03,0,1386E03,0,1785E02,0,9956468,0,0904909,0,0223354
716,0,7860334E05,2000014E03,0,3728E02,0,4420E02,0,9989619,0,0415603,0,0186497
717,0,7792185E05,2001995E03,0,5702E02,0,4122E02,0,9971677,0,0731065,0,0176653
718,0,7789958E05,2002001E03,0,7251E02,0,9856E02,0,9928622,0,0764723,0,0915238
719,0,7834908E05,2000847E03,0,2792E02,0,1031E02,0,9994485,0,0310053,0,0118873
720,0,7870444E05,2000525E03,0,5250E01,0,4999E02,0,9995206,0,0065285,0,0302646
721,0,7625672E05,2000523E03,0,1579E02,0,4228E02,0,9993754,0,0309389,0,0170755
722,0,7741633E05,2000966E03,0,5609E00,0,5973E01,0,9990005,0,0231747,0,0382210
723,0,7717731E05,2001946E03,0,4334E02,0,5088E02,0,9974850,0,0653912,0,0273442
724,0,7730860E05,2001213E03,0,3172E01,0,9234E01,0,9999648,0,0008096,0,0083565
725,0,7802370E05,2000341E03,0,4341E02,0,2136E03,0,9896831,0,0345934,0,1390351
726,0,7794869E05,2000845E03,0,2337E02,0,1038E02,0,9993355,0,0363582,0,0025651
727,0,7757985E05,2000957E03,0,7349E02,0,9580E02,0,9956565,0,0526677,0,0767740
728,0,7829095E05,2000377E03,0,1362E03,0,2855E02,0,9960007,0,0868715,0,0208815
729,0,7776872E05,2000821E03,0,2398E02,0,2187E02,0,9993907,0,0151425,0,0314460
730,0,7855504E05,2000119E03,0,6129E02,0,1611E02,0,9993651,0,0322088,0,0152334
731,0,7702156E05,2000891E03,0,2255E02,0,2056E02,0,9996789,0,0104213,0,0230953
732,0,7853098E05,2000279E03,0,1865E02,0,5242E02,0,9992565,0,0023275,0,0384829
733,0,7800309E05,2000880E03,0,2350E02,0,2139E02,0,9992816,0,0357149,0,0126799
734,0,7867643E05,2002198E03,0,2498E02,0,1030E03,0,9944424,0,0125968,0,1045257
735,0,7749339E05,2001008E03,0,2287E02,0,9420E01,0,9996114,0,0263538,0,0090813
736,0,7826679E05,2000973E03,0,4416E01,0,2126E02,0,9994437,0,0188496,0,0275150
737,0,7823547E05,2001179E03,0,8694E01,0,1332E02,0,9998451,0,0065356,0,0163432
738,0,7934839E05,2000617E03,0,2136E02,0,3351E02,0,9990924,0,0292437,0,0309705
739,0,7787769E05,2001801E03,0,4834E02,0,5533E02,0,9985059,0,0322420,0,0441186
740,0,7809584E05,2001072E03,0,2063E02,0,1006E01,0,9998871,0,0149593,0,0014116
741,0,7710080E05,2000871E03,0,5819E01,0,2101E02,0,9998147,0,0099908,0,0164565
742,0,7708297E05,2000198E03,0,4680E02,0,2286E02,0,9992611,0,0227917,0,0309491
743,0,7812271E05,2001018E03,0,3348E01,0,2815E02,0,9999659,0,0021655,0,0079712
744,0,7673417E05,2000978E03,0,5972E01,0,2827E02,0,9996707,0,0198895,0,0162153
745,0,7849298E05,2000273E03,0,3614E02,0,2360E02,0,9965256,0,0817299,0,0160296
746,0,7783608E05,2000648E03,0,3341E02,0,1302E02,0,9993028,0,0371151,0,0040367
747,0,7858222E05,2000799E03,0,1716E01,0,3718E02,0,9994352,0,0125703,0,0311638
748,0,7782660E05,2001035E03,0,2815E01,0,2628E02,0,9999961,0,0023262,0,0015514
749,0,7758204E05,2000847E03,0,8177E02,0,4736E02,0,9789321,0,1477041,0,1409802
750,0,7865744E05,2000861E03,0,5645E01,0,6911E01,0,9995928,0,0248687,0,0139912
751,0,7795448E05,2000758E03,0,2610E02,0,3000E02,0,9991484,0,0237678,0,0337279
752,0,7740599E05,2001387E03,0,4990E02,0,5577E02,0,9968791,0,0482183,0,0625062
753,0,7811730E05,2000956E03,0,1682E02,0,2684E02,0,9998317,0,0001634,0,0183474
754,0,7775121E05,2001821E03,0,2852E02,0,2440E03,0,9877751,0,0178356,0,1548621
755,0,7872603E05,2000694E03,0,3320E02,0,2239E02,0,9995984,0,0133906,0,0249733
756,0,7855039E05,2001128E03,0,1447E02,0,3470E01,0,9998123,0,0111399,0,0158531
757,0,7786529E05,2002243E03,0,6019E02,0,1647E02,0,9993881,0,0222203,0,0270122
758,0,7821063E05,2000719E03,0,3850E02,0,1728E02,0,9993287,0,0328406,0,0162360
759,0,7730047E05,2000155E03,0,5592E02,0,1269E03,0,9924299,0,0540992,0,1102555
760,0,7691330E05,2000056E03,0,3311E02,0,4125E02,0,9984140,0,0062659,0,0559476
761,0,7697959E05,2000617E03,0,8293E00,0,4001E02,0,9991302,0,0176006,0,0378021
762,0,7755683E05,2002235E03,0,4977E02,0,3197E02,0,9994336,0,0071664,0,0328793
763,0,7736931E05,2002076E03,0,3600E02,0,6168E02,0,9981027,0,0374481,0,0488737
764,0,7783487E05,2002023E03,0,6388E02,0,9380E01,0,9983495,0,0500490,0,0281653
765,0,7759855E05,2000721E03,0,3501E02,0,3005E02,0,9996950,0,0086694,0,0231248
766,0,7797865E05,2001139E03,0,7807E01,0,1957E02,0,9998603,0,0126353,0,0109414
767,0,7795115E05,2001933E03,0,1997E03,0,1314E03,0,9907629,0,1201798,0,0628147
768,0,7608622E05,2001975E03,0,2441E03,0,1079E03,0,9884450,0,1327374,0,0731940
769,0,7834702E05,2000118E03,0,3639E02,0,2163E02,0,9983772,0,0506793,0,0259729
770,0,7831988E05,2001134E03,0,5415E00,0,1418E02,0,9999392,0,0095398,0,0055246
771,0,7703014E05,2000667E03,0,5003E02,0,6510E02,0,9977171,0,0515380,0,0436402
772,0,7733624E05,2002099E03,0,1603E02,0,6370E02,0,9984582,0,0050914,0,0552755
773,0,7721965E05,2001174E03,0,4963E02,0,6826E02,0,9970713,0,0496955,0,0581304
774,0,7739069E05,2001893E03,0,2138E02,0,7179E02,0,9973697,0,0368026,0,0624432
775,0,7779537E05,2001033E03,0,1601E02,0,6226E01,0,9996398,0,0188397,0,0191164
776,0,7723252E05,2000025E03,0,6211E02,0,2152E02,0,9988262,0,0480740,0,0059316
777,0,7828991E05,2001869E03,0,3417E02,0,7247E02,0,9986164,0,0191252,0,0489858
778,0,7671982E05,2001117E03,0,1513E02,0,1022E02,0,9999013,0,0048984,0,0131661
779,0,7666374E05,2000355E03,0,1555E03,0,1102E03,0,9786966,0,1738554,0,1092121
780,0,7868157E05,2000696E03,0,1389E02,0,3930E02,0,9992122,0,0168205,0,0359461
781,0,7719569E05,2000929E03,0,9778E00,0,1390E02,0,9995152,0,0153138,0,0271088
782,0,7779841E05,2001619E03,0,5715E02,0,1044E02,0,9989262,0,0451177,0,0105237
783,0,7729119E05,2000453E03,0,1978E02,0,4306E02,0,9990636,0,0164578,0,0400127
784,0,7810343E05,2002203E03,0,5336E02,0,1701E01,0,9979434,0,0555148,0,0320478
785,0,7714308E05,2000319E03,0,1660E02,0,5013E02,0,9993267,0,0162101,0,0329137
786,0,7723324E05,2001986E03,0,7151E02,0,5014E02,0,9938834,0,0959211,0,0547262
787,0,7806888E05,2000230E03,0,1267E02,0,5406E02,0,9997894,0,0091131,0,0183903
788,0,7732545E05,2001151E03,0,3220E01,0,1814E02,0,9997942,0,0006522,0,0202769
789,0,7797277E05,2001094E03,0,1985E02,0,5554E01,0,9999190,0,0061934,0,0111201
790,0,7747706E05,2000289E03,0,5811E02,0,7392E01,0,9983945,0,0346131,0,0448360
791,0,7753404E05,2000757E03,0,3708E02,0,1466E02,0,9998222,0,0093983,0,0163470
792,0,7616112E05,2001042E03,0,7819E01,0,2635E02,0,9997029,0,0009984,0,0243522
793,0,7833574E05,2001041E03,0,8441E01,0,2411E02,0,9996962,0,0233196,0,0079825
794,0,7604530E05,2001235E03,0,5419E03,0,3379E03,0,9413827,0,2940869,0,1652618
795,0,7842595E05,2000190E03,0,6129E02,0,1640E02,0,9996916,0,0188439,0,0161721
796,0,7852374E05,2001164E03,0,7234E01,0,3183E01,0,9998799,0,0133916,0,0077971
797,0,7817443E05,2000120E03,0,6163E02,0,1509E01,0,9991525,0,0406070,0,0067353
798,0,7777688E05,2001240E03,0,1171E02,0,8780E02,0,9978245,0,0007799,0,0659211
799,0,7836466E05,2000669E03,0,1358E02,0,2429E02,0,9985459,0,0107807,0,0528192
800,0,7744435E05,2001069E03,0,2295E02,0,6510E01,0,9994027,0,0249134,0,0239499
801,0,7894717E05,2001043E03,0,2969E01,0,8880E02,0,9972039,0,0124074,0,0736909
802,0,7774526E05,2000691E03,0,2958E02,0,3026E02,0,9997821,0,0087274,0,0189636
803,0,7616692E05,2001137E03,0,6841E01,0,1236E02,0,9998154,0,0183763,0,0056174
804,0,7765852E05,2000757E03,0,2633E02,0,2923E02,0,9994543,0,0183186,0,0274868
805,0,7798094E05,2001941E03,0,5169E02,0,4023E02,0,9981283,0,0609534,0,0049512
806,0,7769903E05,2001492E03,0,2944E02,0,8142E02,0,9989785,0,0078182,0,0445070
807,0,7721702E05,2000761E03,0,3091E02,0,1599E02,0,9996831,0,0239019,0,0078972
808,0,7817786E05,2001669E03,0,4487E02,0,7305E02,0,9992804,0,0113758,0,0361837
809,0,7877411E05,2000368E03,0,4489E01,0,4241E02,0,9989127,0,0185722,0,0427614
810,0,7714898E05,2000940E03,0,2348E02,0,6753E01,0,9997968,0,0160707,0,0121712
811,0,7863837E05,2001705E03,0,4441E02,0,4550E01,0,9983031,0,0581359,0,0033294
812,0,7737532E05,2000665E03,0,1811E03,0,5092E02,0,9949009,0,0963062,0,0299538
813,0,7795193E05,2001827E03,0,2530E02,0,1145E03,0,9954247,0,0281798,0,0912994
814,0,7801247E05,2000383E03,0,3208E01,0,5168E02,0,9989255,0,0230459,0,0402094
815,0,7827760E05,2000122E03,0,4616E02,0,3803E02,0,9997375,0,0207983,0,0096054
816,0,7872778E05,2001165E03,0,1304E02,0,1229E02,0,9998163,0,0187039,0,0041803
817,0,7814229E05,2001071E03,0,1850E02,0,1306E02,0,9996393,0,0234014,0,0131778
818,0,7884922E05,2001090E03,0,9485E02,0,5671E01,0,9943381,0,1061823,0,0041376
819,0,7884489E05,2000735E03,0,1221E02,0,1442E03,0,9965411,0,0038281,0,0830130
820,0,7762339E05,2001027E03,0,1021E02,0,1144E02,0,9998957,0,0046512,0,0136745
821,0,7937809E05,2000683E03,0,5727E01,0,1755E02,0,9985987,0,0157935,0,0505102
822,0,7611535E05,2001910E03,0,5734E03,0,2067E03,0,9418323,0,3110068,0,1273843
823,0,7829105E05,2002124E03,0,1184E03,0,8770E02,0,9975364,0,0585848,0,0385857
824,0,7695680E05,2000037E03,0,5021E02,0,2652E02,0,9987712,0,0495550,0,0006069
825,0,7843570E05,2000403E03,0,2772E02,0,4458E02,0,9993263,0,0049695,0,0363625
826,0,7633365E05,2000794E03,0,2571E02,0,2421E02,0,9998394,0,0109147,0,0142136
827,0,7762047E05,2000302E03,0,3968E02,0,6546E01,0,9982335,0,0574572,0,0151201
828,0,7827063E05,2001900E03,0,5088E01,0,7256E02,0,9985783,0,0232574,0,0479630
829,0,7787236E05,2001162E03,0,9609E01,0,1342E02,0,9999833,0,0032582,0,0047773
830,0,7808983E05,2001232E03,0,6426E01,0,3798E01,0,9998827,0,0055086,0,0142901
831,0,7831663E05,2000842E03,0,2140E02,0,1371E02,0,9987428,0,0471929,0,0168982
832,0,7673921E05,2001839E03,0,6546E02,0,3776E02,0,9984929,0,0497075,0,0232614
833,0,7873444E05,2000520E03,0,3859E02,0,2427E02,0,9994260,0,0205593,0,0269238
834,0,7707937E05,2000990E03,0,4311E01,0,2953E02,0,9997203,0,0075548,0,0224107
835,0,7811734E05,2000517E03,0,4724E02,0,1242E03,0,9950342,0,0093246,0,0990963
836,0,7888154E05,2001100E03,0,1853E01,0,1955E02,0,9998605,0,0157357,0,0056076
837,0,7778746E05,2002096E03,0,2232E03,0,9354E02,0,9885455,0,1264054,0,0824593
838,0,7688715E05,2000273E03,0,4856E02,0,2624E02,0,9992454,0,0253740,0,0294068
839,0,7741436E05,2001951E03,0,7261E02,0,3405E00,0,9990828,0,0410051,0,0123361
840,0,7804457E05,2000669E03,0,1300E02,0,1738E02,0,9996748,0,0120475,0,0224767
841,0,7868082E05,2001070E03,0,1615E02,0,1761E02,0,9998889,0,0148926,0,0006713
842,0,7810316E05,2000222E03,0,4490E02,0,3727E02,0,9997101,0,0209221,0,0119197
843,0,7844032E05,2002091E03,0,5976E02,0,1102E02,0,9984043,0,0537686,0,0172576
844,0,7790846E05,2000976E03,0,5558E01,0,1739E02,0,9999856,0,0006856,0,0053214
845,0,7791911E05,2000966E03,0,2359E01,0,2886E02,0,9997365,0,0164087,0,0160503
846,0,7822851E05,2000427E03,0,1080E02,0,5400E02,0,9997963,0,0000475,0,0201810
847,0,7740119E05,2000474E03,0,2423E02,0,4424E02,0,9997075,0,0030126,0,0239947
848,0,7751098E05,2000702E03,0,1184E02,0,3720E02,0,9986045,0,0208695,0,0485138
849,0,7942697E05,2001110E03,0,1668E02,0,1101E02,0,9997967,0,0013602,0,0201197
850,0,7767702E05,2000480E03,0,3293E01,0,5044E02,0,9998425,0,0143027,0,0105120
851,0,7713888E05,2000955E03,0,1278E02,0,1938E02,0,9991754,0,0219310,0,0341705
852,0,7836138E05,2000715E03,0,3256E02,0,9906E01,0,9987460,0,0475863,0,0155551
853,0,7858125E05,2000241E03,0,1070E02,0,1687E03,0,9950174,0,0212934,0,0974010
854,0,7833650E05,2002159E03,0,7125E01,0,6207E02,0,9983025,0,0366894,0,0452326
855,0,7937883E05,2000098E03,0,1545E02,0,6354E02,0,9993809,0,0000056,0,0351818
856,0,7697754E05,2002245E03,0,2173E02,0,6308E02,0,9990294,0,0204473,0,0390142
857,0,7828950E05,2001796E03,0,7712E02,0,8249E01,0,9991961,0,0337223,0,0216772
858,0,7699577E05,2000163E03,0,4143E02,0,3971E02,0,9998275,0,0179868,0,0046247
859,0,7822535E05,2000845E03,0,1516E01,0,3368E02,0,9991676,0,0104691,0,0394277
860,0,7719251E05,2000697E03,0,3215E02,0,1873E02,0,9989058,0,0433019,0,0176681
861,0,7716233E05,2002153E03,0,2076E01,0,4634E02,0,9988857,0,0086750,0,0463903
862,0,7826618E05,2000187E03,0,2282E03,0,1318E03,0,9879605,0,1291343,0,0851963
863,0,7817623E05,2000218E03,0,1256E01,0,4443E02,0,9960779,0,0453903,0,0759512
864,0,7905874E05,2000956E03,0,4477E01,0,1293E02,0,9999139,0,0020905,0,0129513
865,0,7780153E05,2001715E03,0,8973E02,0,7625E02,0,9987033,0,0183128,0,0475006
866,0,7798127E05,2001146E03,0,6212E00,0,3680E01,0,9998987,0,0142272,0,0004509
867,0,7908126E05,2001996E03,0,3984E02,0,5204E02,0,9998847,0,0126529,0,0083932
868,0,7781547E05,2000256E03,0,7586E02,0,7494E02,0,9976742,0,0523793,0,0436198
869,0,7765984E05,2001182E03,0,3325E01,0,2263E00,0,9997254,0,0097769,0,0212978
870,0,7742005E05,2000358E03,0,9996E00,0,3433E02,0,9985025,0,0426793,0,0342222
871,0,7846899E05,2000360E03,0,1221E03,0,1316E02,0,9988770,0,0464372,0,0094027
872,0,7928686E05,2000888E03,0,2916E02,0,5502E01,0,9995488,0,0186008,0,0235821
873,0,7904541E05,2000825E03,0,2283E02,0,1082E02,0,9983655,0,0562125,0,0103223
874,0,7821619E05,2000052E03,0,7020E02,0,1133E02,0,9995335,0,0239992,0,0188894
875,0,7877440E05,2000679E03,0,2659E02,0,3208E02,0,9987700,0,0438154,0,0232083
876,0,7740734E05,2001593E03,0,3229E02,0,5364E02,0,9986457,0,0367268,0,0368497
877,0,7719682E05,2001411E03,0,1028E03,0,6418E02,0,9489599,0,2734532,0,1571573
878,0,7795221E05,2000481E03,0,3864E02,0,2986E02,0,9992976,0,0247895,0,0281028
879,0,7823880E05,2001743E03,0,7571E02,0,1085E02,0,9984947,0,0536343,0,0114773
880,0,7921426E05,2001031E03,0,7720E01,0,2074E02,0,9994702,0,0036188,0,0323444
881,0,7843104E05,2001018E03,0,3791E01,0,2646E02,0,9998186,0,0055192,0,0182304
882,0,7716571E05,2000456E03,0,4726E02,0,2000E02,0,9995276,0,0298386,0,0073610
883,0,7731587E05,2000882E03,0,1376E02,0,3120E02,0,9997323,0,0061366,0,0223103
884,0,7856445E05,2001805E03,0,4400E02,0,7304E02,0,9958078,0,0896279,0,0182641
885,0,7662974E05,2001128E03,0,6409E01,0,8177E01,0,9997565,0,0126917,0,0180524
886,0,7794453E05,2000837E03,0,1089E01,0,3174E02,0,9990931,0,0097310,0,0414522
887,0,7676440E05,2000895E03,0,2949E01,0,3347E02,0,9999092,0,0073806,0,0112745
888,0,7910308E05,2000676E03,0,7565E01,0,1907E02,0,9985113,0,0268929,0,0474539
889,0,7791586E05,2000579E03,0,3043E02,0,3557E02,0,9993828,0,0250862,0,0245907
890,0,7790649E05,2000865E03,0,2798E02,0,1304E02,0,9996819,0,0073531,0,0241271
891,0,7741326E05,2000863E03,0,2457E02,0,2352E01,0,9991413,0,0394697,0,0126014
892,0,7837027E05,2001188E03,0,4892E01,0,8064E01,0,9998519,0,0122890,0,0120460
893,0,7736416E05,2001221E03,0,2336E03,0,6940E01,0,9587911,0,2841087,0,0014102
894,0,7766652E05,2000510E03,0,2914E02,0,2789E02,0,9995328,0,0290927,0,0093746
895,0,7781601E05,2000279E03,0,4665E02,0,2869E02,0,9992964,0,0344715,0,0147780
896,0,7733583E05,2000733E03,0,1345E02,0,7646E00,0,9983968,0,0563500,0,0053417
897,0,7756233E05,2001190E03,0,5961E01,0,1555E02,0,9998632,0,0130504,0,0101579
898,0,7731010E05,2000467E03,0,2978E02,0,8403E02,0,9928128,0,0515393,0,1080115
899,0,7610693E05,2000310E03,0,5084E01,0,4241E02,0,9987210,0,0043433,0,0503735
900,0,7823217E05,2000959E03,0,3091E02,0,1366E02,0,9997749,0,0177454,0,0116323
901,0,7884924E05,2001049E03,0,7159E02,0,9807E02,0,9965778,0,0668024,0,0486845
902,0,7440546E05,2001993E03,0,8466E03,0,5469E02,0,9238492,0,3821541,0,0214687
903,0,7683392E05,2000210E03,0,6231E02,0,6248E01,0,9993178,0,0368925,0,0017055
904,0,7695837E05,2000571E03,0,1565E02,0,4729E02,0,9993994,0,0033881,0,0344867
905,0,7639592E05,2000134E03,0,5005E02,0,2864E02,0,9990330,0,0339651,0,0279193
906,0,7841479E05,2000987E03,0,2644E02,0,6170E01,0,9994271,0,0320165,0,0109773
907,0,7709256E05,2001150E03,0,1399E01,0,1883E01,0,9999492,0,0054150,0,0085047
908,0,7799132E05,2000864E03,0,1317E02,0,2600E02,0,9995621,0,0046935,0,0292154
909,0,7664544E05,2000722E03,0,2841E02,0,3081E02,0,9995326,0,0276345,0,0130762
910,0,7779678E05,2001737E03,0,4826E02,0,5400E02,0,9973529,0,0402056,0,0605856
911,0,7646934E05,2000993E03,0,2710E02,0,5807E01,0,9997703,0,0214306,0,0001843
912,0,7836574E05,2002143E03,0,5183E02,0,3220E02,0,9938436,0,0036590,0,1107316
913,0,7892857E05,2000252E03,0,1312E03,0,1753E01,0,9955063,0,0942918,0,0087308
914,0,7800270E05,2000528E03,0,1776E02,0,4553E02,0,9994853,0,0207325,0,0244789
915,0,7787132E05,2002035E03,0,4960E02,0,4693E02,0,9970984,0,0125461,0,0750828
916,0,7793404E05,2000115E03,0,4816E02,0,1948E02,0,9983382,0,0553014,0,0162041
917,0,7766179E05,2000916E03,0,3343E01,0,2613E02,0,9997029,0,0236834,0,0057540
918,0,7812199E05,2002195E03,0,1003E03,0,5469E02,0,9980367,0,0494246,0,0384698
919,0,7782662E05,2001967E03,0,6149E02,0,4101E02,0,9980467,0,0417440,0,0464780
920,0,7662715E05,2001095E03,0,1593E02,0,3208E01,0,9998143,0,0119476,0,0151177
921,0,7819343E05,2001206E03,0,4039E01,0,4741E01,0,9996545,0,0230519,0,0126275
922,0,7709233E05,2001556E03,0,7683E02,0,3755E02,0,9983201,0,0556429,0,0161517
923,0,7764341E05,2001100E03,0,1978E02,0,8559E01,0,9998355,0,0141497,0,0113493
924,0,7845862E05,2000639E03,0,1737E02,0,3884E02,0,9993313,0,0259560,0,0257533
925,0,7833392E05,2000441E03,0,3760E02,0,9464E02,0,9966382,0,0213070,0,0791089
926,0,7799584E05,2001138E03,0,2764E01,0,2622E01,0,9999644,0,0077493,0,0033399
927,0,7816406E05,2000345E03,0,1340E02,0,5481E02,0,9990887,0,0249967,0,0345960
928,0,7669062E05,2001079E03,0,3491E01,0,2039E02,0,9999319,0,0012071,0,0116039
929,0,7793154E05,2001049E03,0,7761E00,0,2400E01,0,9994969,0,0080262,0,0306827
930,0,7740776E05,2000699E03,0,2156E03,0,4483E02,0,9927616,0,1178260,0,0232707
931,0,7786167E05,2001216E03,0,6114E01,0,6429E01,0,9999738,0,0065503,0,0030849
932,0,7671625E05,2000650E03,0,2277E02,0,2534E02,0,9998384,0,0039336,0,0175436
933,0,7720199E05,2001008E03,0,2942E00,0,1970E02,0,9995176,0,0042082,0,0307713
934,0,7817898E05,2001206E03,0,9604E01,0,1651E01,0,9999336,0,0081286,0,0081667
935,0,7800637E05,2001031E03,0,3168E02,0,8743E02,0,9981021,0,0219878,0,0575224
936,0,7762539E05,2001328E03,0,1941E03,0,2500E02,0,9964752,0,0795865,0,0265158
937,0,7767764E05,2000635E03,0,1683E02,0,3565E02,0,9992363,0,0129903,0,0368521
938,0,7737115E05,2001171E03,0,1004E02,0,4361E01,0,9999372,0,0109226,0,0024895
939,0,7787409E05,2001108E03,0,1688E02,0,6401E01,0,9998245,0,0164203,0,0090218
940,0,7664351E05,2000572E03,0,6372E01,0,4462E02,0,9991566,0,0008583,0,0410538
941,0,7862896E05,2000633E03,0,1063E02,0,3720E02,0,9988736,0,0082295,0,0467314
942,0,7792165E05,2000652E03,0,3209E02,0,3035E02,0,9997119,0,0227293,0,0077110
943,0,7846525E05,2000002E03,0,3066E02,0,6086E02,0,9988651,0,0380452,0,0286553
944,0,7763402E05,2000939E03,0,6238E02,0,7312E02,0,9986912,0,0344151,0,0378357
945,0,7769573E05,2001640E03,0,1111E02,0,2019E03,0,9958979,0,0205992,0,0881084
946,0,7684222E05,2001168E03,0,2524E01,0,4187E01,0,9998258,0,0014781,0,0186059
947,0,7899225E05,2000548E03,0,2485E02,0,4054E02,0,9995232,0,0013463,0,0308480
948,0,7743436E05,2001495E03,0,2099E02,0,5907E02,0,9969592,0,0347195,0,0697626
949,0,7727395E05,2001138E03,0,1613E02,0,1099E01,0,9999690,0,0011209,0,0077949
950,0,7813716E05,2000122E03,0,3417E02,0,4185E02,0,9980247,0,0438870,0,0449503
951,0,7794964E05,2000962E03,0,2299E02,0,2403E02,0,9998343,0,0098111,0,0153327
952,0,7592895E05,2000303E03,0,4169E02,0,3893E02,0,9992926,0,0363696,0,0095704
953,0,7781836E05,2002119E03,0,6195E02,0,8028E01,0,9986455,0,0519598,0,0027021
954,0,7726922E05,2001067E03,0,2190E02,0,4954E01,0,9997159,0,0228338,0,0068433
955,0,7811115E05,2001657E03,0,7533E02,0,1392E02,0,9989963,0,0369621,0,0253028
956,0,7698506E05,2001701E03,0,6027E02,0,1333E02,0,9979407,0,0451372,0,0455744
957,0,7720594E05,2000997E03,0,2040E02,0,7106E01,0,9996718,0,0256181,0,0001100
958,0,7813942E05,2002129E03,0,2710E01,0,5228E02,0,9971615,0,0045968,0,0751521
959,0,7898022E05,2001123E03,0,9162E01,0,7705E01,0,9993364,0,0165698,0,0324388
960,0,7874920E05,2001038E03,0,4048E02,0,8234E02,0,9974863,0,0479860,0,0521381
961,0,7908817E05,2000136E03,0,3080E02,0,1667E02,0,9984396,0,0296188,0,0473407
962,0,7878056E05,2000420E03,0,9980E01,0,1404E03,0,9964518,0,0046967,0,0840347
963,0,7867670E05,2000963E03,0,7080E01,0,1504E02,0,9996730,0,0254007,0,0029653
964,0,7698402E05,2002221E03,0,8854E02,0,3546E02,0,9961283,0,0793949,0,0377473
965,0,7757819E05,2001625E03,0,1455E02,0,7607E02,0,9979781,0,0214145,0,0598433
966,0,7646019E05,2001020E03,0,9950E01,0,1474E03,0,9854182,0,0123380,0,1697019
967,0,7735341E05,2002222E03,0,9107E02,0,7799E02,0,9983717,0,0456973,0,0341418
968,0,7799701E05,2000350E03,0,3758E02,0,6537E00,0,9988988,0,0449518,0,0134340
969,0,7769670E05,2000901E03,0,1857E02,0,2303E02,0,9991483,0,0072869,0,0406149
970,0,7783231E05,2000938E03,0,1593E02,0,2559E02,0,9997638,0,0144892,0,0162012
971,0,7934701E05,2000120E03,0,2867E02,0,5094E02,0,9988594,0,0243174,0,0410914
972,0,7708116E05,2000823E03,0,3525E00,0,2201E02,0,9992992,0,0073386,0,0367060
973,0,7791846E05,2000355E03,0,1450E03,0,1291E03,0,9907462,0,1287386,0,0429921
974,0,7647565E05,2001279E03,0,4702E02,0,2313E03,0,9936288,0,0348700,0,1071718
975,0,7672556E05,2000275E03,0,4119E02,0,1636E02,0,9985067,0,0410913,0,0359996
976,0,7837091E05,2001227E03,0,4947E01,0,2646E01,0,9998933,0,0099768,0,0106708
977,0,7756864E05,2000811E03,0,2663E02,0,9095E02,0,9980254,0,0074186,0,0623715
978,0,7737184E05,2000810E03,0,7619E01,0,3865E02,0,9994455,0,0126080,0,0308193
979,0,7928855E05,2000111E03,0,5406E02,0,3965E02,0,9994682,0,0306338,0,0111709
980,0,7820166E05,2000420E03,0,5471E02,0,1192E03,0,9971022,0,0357874,0,0671296
981,0,7792651E05,2001837E03,0,2332E02,0,7059E02,0,9985590,0,0084170,0,0530001
982,0,7783342E05,2001775E03,0,3750E02,0,6860E02,0,9982486,0,0227412,0,0546121
983,0,7834669E05,2000847E03,0,2811E02,0,2964E01,0,9997279,0,0229554,0,0041539
984,0,7786546E05,2000795E03,0,1555E02,0,2468E02,0,9988485,0,0407790,0,0252731
985,0,7871087E05,2000750E03,0,1632E00,0,2110E02,0,9998748,0,0154308,0,0035049
986,0,7724074E05,2001137E03,0,1067E03,0,2787E02,0,9947762,0,0942679,0,0391643
987,0,7783305E05,2000425E03,0,6353E02,0,1439E03,0,9959256,0,0564649,0,0703124
988,0,7708175E05,2000750E03,0,2868E01,0,3301E02,0,9996538,0,0262419,0,0018968
989,0,7788412E05,2000980E03,0,3162E02,0,8799E01,0,9997579,0,0213948,0,0051342
990,0,7870700E05,2000624E03,0,3156E02,0,2865E02,0,9991746,0,0388222,0,0119551
991,0,7789447E05,2002019E03,0,4495E02,0,4943E02,0,9990002,0,0232934,0,0381569
992,0,7798752E05,2000658E03,0,1950E02,0,3881E02,0,9993947,0,0293921,0,0186115
993,0,7766587E05,2000922E03,0,2873E02,0,1108E02,0,9997694,0,0196894,0,0085753
994,0,7756162E05,2001126E03,0,1733E02,0,6701E01,0,9999689,0,0078853,0,0003323
995,0,7859418E05,2000518E03,0,4369E02,0,1826E03,0,9929268,0,0005184,0,1187274
996,0,7726579E05,2000704E03,0,9474E02,0,2429E02,0,9971331,0,0431393,0,0621651
997,0,7712180E05,2000377E03,0,3986E02,0,2651E02,0,9985513,0,0409533,0,0349002
998,0,7845128E05,2001015E03,0,2639E02,0,1774E01,0,9999406,0,0094607,0,0054135
999,0,7841849E05,2000852E03,0,2244E02,0,2753E02,0,9994042,0,0257161,0,0230199
1000,0,7739906E05,2000318E03,0,8574E01,0,3853E02,0,9982493,0,0282420,0,0519689
